"productId","aiTags","brandId","cartonQty","categoryId","createdAt","description","imageUrls","isActive","isComboPackage","name","packageTagIds","price","productFamily","quantity","scheme1Price","scheme2Price","scheme3Price","scheme4Price","searchText","sequenceNumber","videoUrl"
"prod-7f2540b3-e7a3-40eb-96aa-f1d27e899826","[{""S"":""audience:family""},{""S"":""audience:kids""},{""S"":""audience:friends""},{""S"":""time:day""},{""S"":""time:night""},{""S"":""noise:low""},{""S"":""type:colour""},{""S"":""type:handheld""}]","brand-2fbbaac1-c8a3-41a6-8e1b-0c63d30dfadc","","cat-1300aba7-85e1-4d05-8d04-d7c57c722ef7","2026-07-25T12:39:09.831Z","""Elite flagship multi-effect long safety matchsticks. Delivers ultra-bright, long-duration transitions across 5 premium pastel neon color flames.\n\nPack Contains: 10 Boxes × 10 Match Sticks (Total 100 Match Sticks).""","","true","false","Rayal Prince ~ 10in1","[{""S"":""10k-fancy""},{""S"":""10k-thala-diwali-pack""},{""S"":""best-selling""}]","218","mediummatch","1000","","","","","rayal prince ~ 10in1 brand-2fbbaac1-c8a3-41a6-8e1b-0c63d30dfadc cat-1300aba7-85e1-4d05-8d04-d7c57c722ef7 audience:family audience:kids audience:friends time:day time:night noise:low type:colour type:handheld","173",""
"prod-c411ecda-72b3-48cb-83f9-32caafa818d7","[{""S"":""audience:friends""},{""S"":""audience:family""},{""S"":""audience:kids""},{""S"":""time:night""},{""S"":""noise:low""},{""S"":""type:colour""},{""S"":""type:ground""}]","brand-d330893f-0183-4d4e-a61a-e57eb58868fc","","cat-c793fc09-3dd2-439f-8024-46d03fb2570f","2026-07-25T12:39:09.831Z","Upgraded 1.5-inch ground cracking tubes. Emits a playful array of multi-color sparks and continuous snappy popping sounds along the ground for kids.\n\nPack Contains: 1 Box × 10 Pcs (Total 10 Pieces of Bim Bom - Kit Kat Big distributed across 1 individual box).","","true","false","Bim Bom - Kit Kat Big","[{""S"":""3k-kids""},{""S"":""3k-family""},{""S"":""5k-family""},{""S"":""5k-fancy""},{""S"":""10k-family""},{""S"":""best-selling""}]","90","kidspecial","1000","","","","","bim bom - kit kat big brand-d330893f-0183-4d4e-a61a-e57eb58868fc cat-c793fc09-3dd2-439f-8024-46d03fb2570f audience:friends audience:family audience:kids time:night noise:low type:colour type:ground","138",""
"prod-f1ef3289-9a4a-462e-b941-3a973d89c8e7","[{""S"":""audience:friends""},{""S"":""audience:family""},{""S"":""audience:kids""},{""S"":""time:day""},{""S"":""noise:low""},{""S"":""type:ground""},{""S"":""type:sound""}]","brand-fa700591-52d8-4ef0-9e22-1b4000b6baa9","","cat-b4f715eb-cbdb-44e8-a300-a688ad364cad","2026-07-25T12:39:09.831Z","""A tape-fuse style garland featuring 28 medium-sized giant bijili crackers. Provides a fast, continuous stream of rhythmic pops straight along the ground. These crackers are machine-made with tape-sticker fuse tubes, which give a comparatively moderate, lower decibel sound than hand-made, hand-twisted wire fuse alternatives.\n\nPack Contains: 10 Pkts × 1 Pce (Total 10 Pieces of 28 Giant distributed across 10 individual packets).""","","true","false","28 Giant (TAPE)","[{""S"":""new-arrivals""}]","336","smallgarland","1000","","","","","28 giant (tape) brand-fa700591-52d8-4ef0-9e22-1b4000b6baa9 cat-b4f715eb-cbdb-44e8-a300-a688ad364cad audience:friends audience:family audience:kids time:day noise:low type:ground type:sound","18",""
"prod-1eafa0c2-4df6-492b-8fa0-4334d29941ee","","brand-fa700591-52d8-4ef0-9e22-1b4000b6baa9","","cat-e3b0f5ac-c147-4210-b3e1-dd3b35738826","2026-07-25T12:39:09.831Z","Festive collection contains 50 items of assorted family firecrackers.\n\nPack Contains: 1 Box × 50 Items (Total 50 Items of 50 Assorted Gift Pack distributed across 1 individual box).","","true","false","50 Assorted Gift Pack","[{""S"":""best-selling""},{""S"":""new-arrivals""}]","1000","giftbox","1000","","","","","50 assorted gift pack brand-fa700591-52d8-4ef0-9e22-1b4000b6baa9 cat-e3b0f5ac-c147-4210-b3e1-dd3b35738826","180",""
"prod-1b457a7f-4bd1-458c-9639-789b5abe3955","[{""S"":""audience:friends""},{""S"":""audience:family""},{""S"":""audience:kids""},{""S"":""time:day""},{""S"":""noise:low""},{""S"":""type:ground""},{""S"":""type:sound""}]","brand-fa700591-52d8-4ef0-9e22-1b4000b6baa9","","cat-ae2c064a-67fb-4deb-bd87-fe966f05a631","2026-07-25T12:39:09.831Z","""A garland of 24 deluxe 2.75-inch paper shells built on a fast-lighting tape fuse system. Designed for quick, rapid-fire ground blasting with sound output. These crackers are machine-made with tape-sticker fuse tubes, which give a comparatively moderate, lower decibel sound than hand-made, hand-twisted wire fuse alternatives.\n\nPack Contains: 1 Pkt × 1 Pce (Total 1 Piece of 24 Deluxe (2.75"""" Shell) distributed across 1 individual packet).""","","true","false","""24 Deluxe (2.75"""" Shell - TAPE)""","[{""S"":""new-arrivals""}]","65","deluxegarland","1000","","","","","""24 deluxe (2.75"""" shell - tape) brand-fa700591-52d8-4ef0-9e22-1b4000b6baa9 cat-ae2c064a-67fb-4deb-bd87-fe966f05a631 audience:friends audience:family audience:kids time:day noise:low type:ground type:sound""","23",""
"prod-60b50a45-e926-47f8-9e9f-fed6cb2aa474","[{""S"":""audience:friends""},{""S"":""audience:family""},{""S"":""time:day""},{""S"":""noise:high""},{""S"":""type:ground""},{""S"":""type:sound""}]","brand-ab02688c-c42d-48b5-a24e-2ac59d21a513","","cat-4b8fbfa1-274d-44bc-97ab-79951dc661a0","2026-07-25T12:39:09.831Z","""A string of 28 medium-sized giant bijili crackers linked with a heavy wire fuse for reliable firing. Emits a loud, rhythmic stream of continuous pops on the ground. These crackers are hand-made with hand-twisted wire fuse tubes, giving them a tighter, more sealed ignition point that produces a comparatively higher decibel sound than machine-made tape fuse alternatives.\n\nPack Contains: 10 Pkts × 1 Pce (Total 10 Pieces of 28 Giant distributed across 10 individual packets).""","","true","false","28 Giant","[{""S"":""5k-family""},{""S"":""best-selling""}]","409","smallgarland","1000","","","","","28 giant brand-ab02688c-c42d-48b5-a24e-2ac59d21a513 cat-4b8fbfa1-274d-44bc-97ab-79951dc661a0 audience:friends audience:family time:day noise:high type:ground type:sound","15",""
"prod-39d5a14a-c684-44e0-9cc3-6a1da18b7bc9","[{""S"":""audience:friends""},{""S"":""audience:family""},{""S"":""audience:kids""},{""S"":""audience:party""},{""S"":""time:night""},{""S"":""noise:low\r\ntype:colour""},{""S"":""type:handheld""}]","brand-82fc039f-5548-4c80-a2cf-0dc50e0c4e1e","","cat-91eac5b9-27b8-4bd2-be81-e4ef8702fc63","2026-07-25T12:39:09.831Z","""A unique combo pack of handheld rotating sparklers. Features spinning mechanical parts that whirl around to form complex, beautiful silver wheels of fire.\n\nPack Contains: 1 Box × 1 Pce (Total 1 Piece of Rotating Sparklers distributed across 1 individual box).""","","true","false","Rotating Sparklers","[{""S"":""10k-family""},{""S"":""10k-fancy""},{""S"":""10k-thala-diwali-pack""},{""S"":""new-arrivals""},{""S"":""best-selling""},{""S"":""party""}]","336","sparkler","1000","","","","","rotating sparklers brand-82fc039f-5548-4c80-a2cf-0dc50e0c4e1e cat-91eac5b9-27b8-4bd2-be81-e4ef8702fc63 audience:friends audience:family audience:kids audience:party time:night noise:low\ntype:colour type:handheld","107",""
"prod-8d60c3c4-33ff-4fc1-ab8a-7e20390e1b16","","brand-fa700591-52d8-4ef0-9e22-1b4000b6baa9","","cat-4b7df8e5-4e0a-49f8-a2dd-0f2b345d4222","2026-07-25T12:39:09.831Z","Ultimate majestic luxury aerial sky show night display combo pack.\n\nPack Contains: 1 Box (combo contents are listed in combo package section of our site).","","true","true","10K NIGHT FANCY ~ COMBO BOX","[{""S"":""best-selling""},{""S"":""new-arrivals""}]","10000","combobox","1000","","","","","10k night fancy ~ combo box brand-fa700591-52d8-4ef0-9e22-1b4000b6baa9 cat-4b7df8e5-4e0a-49f8-a2dd-0f2b345d4222","187",""
"prod-5df666ea-4bd3-469b-a595-66ff3fd84788","[{""S"":""audience:friends""},{""S"":""audience:family""},{""S"":""audience:party""},{""S"":""time:night""},{""S"":""noise:high""},{""S"":""type:colour""},{""S"":""type:sound""},{""S"":""type:sky""}]","brand-18a46aa1-8974-4bc8-8fe1-70f44aead7e1","","cat-9429d284-d038-4b28-b5af-b64caa932f10","2026-07-25T12:39:09.831Z","""A multi-tube 5-in-1 fan-shaped display layout. Ignites on the ground at night, launching 5 shots simultaneously in a fan array that opens into a wide peacock tail pattern of crackling stars.\n\nPack Contains: 1 Box × 1 Pce (Total 1 Piece of Big Shot ~ 5in1 Peacock Crackling Shot distributed across 1 individual box).""","","true","false","Big Shot ~ 5 in1 Peacock Crackling Shot","[{""S"":""best-selling""},{""S"":""new-arrivals""},{""S"":""party""}]","1045","setout","1000","","","","","big shot ~ 5 in1 peacock crackling shot brand-18a46aa1-8974-4bc8-8fe1-70f44aead7e1 cat-9429d284-d038-4b28-b5af-b64caa932f10 audience:friends audience:family audience:party time:night noise:high type:colour type:sound type:sky","132",""
"prod-60b6bd13-ffd9-40bc-8f16-d8cdcf14e6ed","[{""S"":""audience:friends""},{""S"":""audience:family""},{""S"":""audience:kids""},{""S"":""time:night""},{""S"":""noise:low\r\ntype:colour""},{""S"":""type:handheld""}]","brand-82fc039f-5548-4c80-a2cf-0dc50e0c4e1e","","cat-91eac5b9-27b8-4bd2-be81-e4ef8702fc63","2026-07-25T12:39:09.831Z","""An extended 15 cm handheld electric sparkler. Offers an elongated burning duration, safe for family handling, radiating thick silver cosmic sparkles.\n\nPack Contains: 5 Box(s) × 10 Pcs (Total 50 Pieces of 15 Cm Electric Sparklers distributed across 5 individual boxes).""","","true","false","15 Cm Electric Sparklers","[{""S"":""3k-kids""},{""S"":""5k-family""},{""S"":""10k-family""},{""S"":""10k-fancy""},{""S"":""10k-thala-diwali-pack""},{""S"":""best-selling""}]","300","sparkler","1000","","","","","15 cm electric sparklers brand-82fc039f-5548-4c80-a2cf-0dc50e0c4e1e cat-91eac5b9-27b8-4bd2-be81-e4ef8702fc63 audience:friends audience:family audience:kids time:night noise:low\ntype:colour type:handheld","95",""
"prod-cf8b492a-b583-4522-b108-5cf1754a71b8","[{""S"":""audience:friends""},{""S"":""audience:family""},{""S"":""time:night""},{""S"":""noise:low\r\ntype:colour""},{""S"":""type:handheld\r\ntype:high-smoke""}]","brand-82fc039f-5548-4c80-a2cf-0dc50e0c4e1e","","cat-91eac5b9-27b8-4bd2-be81-e4ef8702fc63","2026-07-25T12:39:09.831Z","""A long 15 cm green color sparkler. Casts an ultra-bright green light aura from the hand, perfect for group night celebration photos.\n\nPack Contains: 5 Box(s) × 10 Pcs (Total 50 Pieces of 15 Cm Green Sparklers distributed across 5 individual boxes).""","","true","false","15 Cm Green Sparklers","[{""S"":""best-selling""}]","364","sparkler","1000","","","","","15 cm green sparklers brand-82fc039f-5548-4c80-a2cf-0dc50e0c4e1e cat-91eac5b9-27b8-4bd2-be81-e4ef8702fc63 audience:friends audience:family time:night noise:low\ntype:colour type:handheld\ntype:high-smoke","97",""
"prod-f7539504-6930-47da-b2dd-d8448d8133da","[{""S"":""audience:family""},{""S"":""audience:kids""},{""S"":""time:night\r\nnoise:low""},{""S"":""type:colour""},{""S"":""type:ground""}]","brand-fa700591-52d8-4ef0-9e22-1b4000b6baa9","","cat-137d7460-2748-4b4d-8a24-26f78fcba6f8","2026-07-25T12:39:09.831Z","""Standard traditional ground chakkars. Made for night or dusk enjoyment, it spins rapidly on flat ground to create a beautiful circular wheel of golden sparks.\n\nPack Contains: 1 Box × 10 Pcs (Total 10 Pieces of Chakkar Big 10in1 distributed across 1 individual box).""","","true","false","Chakkar Big 10in1","[{""S"":""best-selling""}]","55","chakkar","1000","","","","","chakkar big 10in1 brand-fa700591-52d8-4ef0-9e22-1b4000b6baa9 cat-137d7460-2748-4b4d-8a24-26f78fcba6f8 audience:family audience:kids time:night\nnoise:low type:colour type:ground","39",""
"prod-5a897c33-ad30-4840-8e2c-43f1f450d56d","[{""S"":""audience:friends""},{""S"":""audience:family""},{""S"":""audience:kids""},{""S"":""time:night""},{""S"":""noise:low""},{""S"":""type:colour""},{""S"":""type:ground""}]","brand-93511537-a2f5-4050-90de-965873cca8fb","","cat-eb4f1e7a-b3cd-424d-9118-ae8b0e5f9c78","2026-07-25T12:39:09.831Z","A beautifully designed premium night fountain. Mimics a flowing liquid water fountain by cascading smooth silver droplets in all directions.\n\nPack Contains: 1 Box × 1 Pce (Total 1 Piece of Water Queen Fountain distributed across 1 individual box).","","true","false","Water Queen Fountain","[{""S"":""5k-fancy""},{""S"":""10k-family""},{""S"":""best-selling""},{""S"":""party""}]","254","mediumfountain","1000","","","","","water queen fountain brand-93511537-a2f5-4050-90de-965873cca8fb cat-eb4f1e7a-b3cd-424d-9118-ae8b0e5f9c78 audience:friends audience:family audience:kids time:night noise:low type:colour type:ground","156",""
"prod-4236ef92-93dd-4878-9e89-4bd186b9c695","[{""S"":""audience:family""},{""S"":""audience:kids""},{""S"":""time:day""},{""S"":""noise:low""},{""S"":""type:ground""},{""S"":""type:sound""}]","brand-ab02688c-c42d-48b5-a24e-2ac59d21a513","","cat-dd0580e5-695a-40ed-9daa-9840ff663e49","2026-07-25T12:39:09.831Z","""A standard 4-inch paper Lakshmi bomb made with 7 tight paper layers. Gives a solid, deep single sound at ground level during the day.\n\nPack Contains: 10 Pkts × 5 Pcs (Total 50 Pieces of 4"""" Lakshmi distributed across 10 individual packets).""","","true","false","""4"""" Lakshmi""","","300","singlesound","1000","","","","","""4"""" lakshmi brand-ab02688c-c42d-48b5-a24e-2ac59d21a513 cat-dd0580e5-695a-40ed-9daa-9840ff663e49 audience:family audience:kids time:day noise:low type:ground type:sound""","3",""
"prod-34b1ea4c-2c2b-4bde-bba9-df5845a675c3","[{""S"":""audience:family""},{""S"":""audience:kids""},{""S"":""time:day""},{""S"":""noise:low""},{""S"":""type:ground""},{""S"":""type:sound""}]","brand-ab02688c-c42d-48b5-a24e-2ac59d21a513","","cat-dd0580e5-695a-40ed-9daa-9840ff663e49","2026-07-25T12:39:09.831Z","""A medium-sized classic Lakshmi paper bomb made with 6 tight paper layers.. Ideal for daytime celebrations, its tight paper layers create a loud, iconic single echoing blast on the ground.\n\nPack Contains: 10 Pkts × 5 Pcs (Total 50 Pieces of 3.5"""" Lakshmi distributed across 10 individual packets).""","[{""S"":""https://cracker-app.s3.amazonaws.com/products/prod-7f1c6a96-b378-4861-8ab9-f93415ccb594/images/d080d4a0-b55e-4309-ba6e-7bb09e66ee3c-5M0A7875.jpg (1).jpeg""}]","true","false","""3.5"""" Lakshmi""","[]","236","singlesound","1000","","","","","""3.5"""" lakshmi kanmani fireworks single sound crackers""","2",""
"prod-925c0b17-baad-4f6d-b95c-c697d5e8470b","[{""S"":""audience:family""},{""S"":""audience:kids""},{""S"":""time:day""},{""S"":""time:night""},{""S"":""noise:low""},{""S"":""type:sound""},{""S"":""type:handheld""}]","brand-fa700591-52d8-4ef0-9e22-1b4000b6baa9","","cat-357f91e1-2966-4208-a623-7111cd886a6f","2026-07-25T12:39:09.831Z","""Premium heavy-duty plastic roll cap toy gun. Features a superior trigger mechanism that firmly snaps paper roll caps with an authentic, loud popping sound.\n\nPack Contains: 1 Box × 1 Pce (Total 1 Piece of Stylish Roll Cap Gun distributed across 1 individual box).""","","true","false","Stylish Roll Cap Gun","[{""S"":""best-selling""},{""S"":""new-arrivals""}]","209","rollcapgun","1000","","","","","stylish roll cap gun brand-fa700591-52d8-4ef0-9e22-1b4000b6baa9 cat-357f91e1-2966-4208-a623-7111cd886a6f audience:family audience:kids time:day time:night noise:low type:sound type:handheld","69",""
"prod-0324b231-d543-4c22-a9a0-68655792b1cb","[{""S"":""audience:family""},{""S"":""audience:friends""},{""S"":""audience:party""},{""S"":""time:day""},{""S"":""noise:high""},{""S"":""type:ground""},{""S"":""type:sound""}]","brand-aa6525c7-020c-40a3-9184-2554c2d8ce61","","cat-1f04252a-872e-4ff0-b209-824032c3c3a7","2026-07-25T12:39:09.831Z","""A large-sized, ultra-durable 5-layer bound green classic bomb. Emits a thunderous, high-pressure single ground boom, ideal for loud sound lovers.\n\nPack Contains: 1 Box × 10 Pcs (Total 10 Pieces of Classic Bomb / JUG MUG 5000 (5 Ply) distributed across 1 individual box).""","","true","false","Classic Bomb / JUG MUG 5000 (5 Ply)","[{""S"":""new-arrivals""},{""S"":""best-selling""},{""S"":""party""}]","200","bomb","1000","","","","","classic bomb / jug mug 5000 (5 ply) brand-aa6525c7-020c-40a3-9184-2554c2d8ce61 cat-1f04252a-872e-4ff0-b209-824032c3c3a7 audience:family audience:friends audience:party time:day noise:high type:ground type:sound","51",""
"prod-65b98df8-7fab-44b9-94f5-ed4474622764","[{""S"":""audience:friends""},{""S"":""audience:family""},{""S"":""audience:kids""},{""S"":""time:day""},{""S"":""noise:low""},{""S"":""type:ground""},{""S"":""type:sound""},{""S"":""type:sky""},{""S"":""type:handheld""}]","brand-579b7046-057d-4c8a-8e7d-6eef740eade6","","cat-67ccb59e-3aa2-484d-98d9-8915a40dfa5f","2026-07-25T12:39:09.831Z","""Classic striped-label single bijili crackers. Light them on the ground during the day for a sharp, quick, and fun snapping single pop.\n\nPack Contains: 1 Pkt × 100 Pcs (Total 100 Pieces of Stripped Bijili distributed across 1 individual packet).""","","true","false","Stripped Bijili","[{""S"":""3k-family""},{""S"":""5k-family""},{""S"":""best-selling""}]","82","singlesound","1000","","","","","stripped bijili brand-579b7046-057d-4c8a-8e7d-6eef740eade6 cat-67ccb59e-3aa2-484d-98d9-8915a40dfa5f audience:friends audience:family audience:kids time:day noise:low type:ground type:sound type:sky type:handheld","12",""
"prod-b92a943d-a8f2-450b-beb8-d6151bd71067","[{""S"":""audience:friends""},{""S"":""audience:family""},{""S"":""time:night""},{""S"":""noise:low\r\ntype:colour""},{""S"":""type:handheld\r\ntype:high-smoke""}]","brand-82fc039f-5548-4c80-a2cf-0dc50e0c4e1e","","cat-91eac5b9-27b8-4bd2-be81-e4ef8702fc63","2026-07-25T12:39:09.831Z","""An enhanced 15 cm red color sparkler. Burns with a highly stable, rich ruby-red torch effect and a glittering spark spray from the hand at night.\n\nPack Contains: 5 Box(s) × 10 Pcs (Total 50 Pieces of 15 Cm Red Sparklers distributed across 5 individual boxes).""","","true","false","15 Cm Red Sparklers","[{""S"":""best-selling""}]","436","sparkler","1000","","","","","15 cm red sparklers brand-82fc039f-5548-4c80-a2cf-0dc50e0c4e1e cat-91eac5b9-27b8-4bd2-be81-e4ef8702fc63 audience:friends audience:family time:night noise:low\ntype:colour type:handheld\ntype:high-smoke","98",""
"prod-e29e72ee-bae4-4a8b-8ef5-07066b2aee36","[{""S"":""audience:family""},{""S"":""time:day""},{""S"":""noise:high""},{""S"":""type:ground""},{""S"":""type:sound""}]","brand-aa6525c7-020c-40a3-9184-2554c2d8ce61","","cat-1f04252a-872e-4ff0-b209-824032c3c3a7","2026-07-25T12:39:09.831Z","""The classic, heavy green jute-wrapped explosive bomb. Ignites on the ground during the day, producing a highly intense, deep single bass blast.\n\nPack Contains: 1 Box × 10 Pcs (Total 10 Pieces of Atom/Hydro Bomb distributed across 1 individual box).""","","true","false","Atom/Hydro Bomb","","130","bomb","1000","","","","","atom/hydro bomb brand-aa6525c7-020c-40a3-9184-2554c2d8ce61 cat-1f04252a-872e-4ff0-b209-824032c3c3a7 audience:family time:day noise:high type:ground type:sound","49",""
"prod-0aa8a5b0-b772-48cb-bae1-45cbf90621fe","[{""S"":""audience:friends""},{""S"":""audience:family""},{""S"":""time:day""},{""S"":""noise:high""},{""S"":""type:ground""},{""S"":""type:sound""}]","brand-ab02688c-c42d-48b5-a24e-2ac59d21a513","","cat-4b8fbfa1-274d-44bc-97ab-79951dc661a0","2026-07-25T12:39:09.831Z","""An extended garland of 56 medium-sized bijili crackers with a high-grade wire fuse. Provides a longer duration of overlapping, rapid-fire ground explosions. These crackers are hand-made with hand-twisted wire fuse tubes, giving them a tighter, more sealed ignition point that produces a comparatively higher decibel sound than machine-made tape fuse alternatives.\n\nPack Contains: 10 Pkts × 1 Pce (Total 10 Pieces of 56 Giant distributed across 10 individual packets).""","","true","false","56 Giant","[{""S"":""10k-family""},{""S"":""10k-thala-diwali-pack""},{""S"":""best-selling""},{""S"":""new-arrivals""},{""S"":""party""}]","818","smallgarland","1000","","","","","56 giant brand-ab02688c-c42d-48b5-a24e-2ac59d21a513 cat-4b8fbfa1-274d-44bc-97ab-79951dc661a0 audience:friends audience:family time:day noise:high type:ground type:sound","16",""
"prod-b4ff987d-e33a-4e40-853b-066c5ea91600","[{""S"":""audience:friends""},{""S"":""audience:family""},{""S"":""audience:kids""},{""S"":""audience:party""},{""S"":""time:night""},{""S"":""noise:low""},{""S"":""type:colour""},{""S"":""type:ground""}]","brand-e3247d69-af72-4f7d-8110-92fc09098422","","cat-bd6836fc-0a7a-4236-9425-ff0b5dd0dd91","2026-07-25T12:39:09.831Z","""An extra-large flagship version of the peacock wing. Delivers a magnificent, broad-scale theater display of roaring silver and multi-color wings.\n\nPack Contains: 1 Box × 1 Pce (Total 1 Piece of Mega Peacock Wings distributed across 1 individual box).""","","true","false","Mega Peacock Wings","[{""S"":""10k-family""},{""S"":""10k-fancy""},{""S"":""10k-thala-diwali-pack""},{""S"":""best-selling""},{""S"":""party""}]","682","badapeacock","1000","","","","","mega peacock wings brand-e3247d69-af72-4f7d-8110-92fc09098422 cat-bd6836fc-0a7a-4236-9425-ff0b5dd0dd91 audience:friends audience:family audience:kids audience:party time:night noise:low type:colour type:ground","167",""
"prod-8b8b5df6-3e2b-42e8-bc4a-25eeb964c5e9","[{""S"":""audience:friends""},{""S"":""audience:family""},{""S"":""audience:kids""},{""S"":""time:night""},{""S"":""noise:low\r\ntype:colour""},{""S"":""type:handheld""}]","brand-82fc039f-5548-4c80-a2cf-0dc50e0c4e1e","","cat-91eac5b9-27b8-4bd2-be81-e4ef8702fc63","2026-07-25T12:39:09.831Z","""An extended 15 cm premium glittering sparkler stick. Emits a dense, sharp crackling sound effect along with an expanded radius of golden starry dust at night.\n\nPack Contains: 5 Box(s) × 10 Pcs (Total 50 Pieces of 15 Cm Glittering Sparklers distributed across 5 individual boxes).""","","true","false","15 Cm Glittering Sparklers","[{""S"":""5k-fancy""},{""S"":""10k-thala-diwali-pack""},{""S"":""best-selling""}]","320","sparkler","1000","","","","","15 cm glittering sparklers brand-82fc039f-5548-4c80-a2cf-0dc50e0c4e1e cat-91eac5b9-27b8-4bd2-be81-e4ef8702fc63 audience:friends audience:family audience:kids time:night noise:low\ntype:colour type:handheld","96",""
"prod-579795a2-d1b8-4e21-abf6-13abb648ad9f","[{""S"":""audience:friends""},{""S"":""audience:party""},{""S"":""audience:family""},{""S"":""time:night""},{""S"":""noise:high""},{""S"":""type:colour""},{""S"":""type:sound""},{""S"":""type:sky""}]","brand-4634bbd4-01b9-4710-bce6-24ba94ef3a06","","cat-c34b6eb2-4530-4031-bee0-5e55825010e7","2026-07-25T12:39:09.831Z","A 30-shot high-density crackling box. Launches an uninterrupted sequence of aerial shells that break high in the night sky into massive walls of loud crackling stars.\n\nPack Contains: 1 Box × 1 Pce (Total 1 Piece of 30 Shots Crackling Sky Shots distributed across 1 individual box).","","true","false","30 Shots Crackling Sky Shots","[{""S"":""best-selling""},{""S"":""new-arrivals""},{""S"":""party""}]","1000","cracklingshot","1000","","","","","30 shots crackling sky shots brand-4634bbd4-01b9-4710-bce6-24ba94ef3a06 cat-c34b6eb2-4530-4031-bee0-5e55825010e7 audience:friends audience:party audience:family time:night noise:high type:colour type:sound type:sky","112",""
"prod-970d42d4-599b-46d2-bcbf-25d7ff83db89","[{""S"":""audience:family""},{""S"":""audience:kids""},{""S"":""time:day""},{""S"":""time:night""},{""S"":""noise:low""},{""S"":""type:ground""},{""S"":""type:sound""}]","brand-502f2162-c9fb-4b02-8a94-f5e08777f22c","","cat-12bb3f07-0803-4300-9d5a-bb165bf68410","2026-07-25T12:39:09.831Z","""A modern eco-friendly 100-shell digital-style garland. Unrolls along the ground to produce an ultra-crisp, high-tempo, uniform electronic-sounding multi-blast layout.\n\nPack Contains: 1 Box × 1 Pce (Total 1 Piece of Dream Big ~ 100 Digital Lar distributed across 1 individual box).""","","true","false","Dream Big ~ 100 Digital Lar","[{""S"":""5k-family""},{""S"":""10k-family""},{""S"":""new-arrivals""}]","120","digitallar","1000","","","","","dream big ~ 100 digital lar brand-502f2162-c9fb-4b02-8a94-f5e08777f22c cat-12bb3f07-0803-4300-9d5a-bb165bf68410 audience:family audience:kids time:day time:night noise:low type:ground type:sound","79",""
"prod-dddd95ac-80b5-4ddb-a765-ac8fe5f56ed4","[{""S"":""audience:friends""},{""S"":""audience:family""},{""S"":""audience:kids""},{""S"":""audience:party""},{""S"":""time:night\r\nnoise:low""},{""S"":""type:colour""},{""S"":""type:ground""}]","brand-50958a6d-ce8f-494e-9106-d7e00a2fd2e7","","cat-27170166-7aab-4970-9e43-51cfd92d9c85","2026-07-25T12:39:09.831Z","""An extra-large premium flower pot. Perfect for nighttime display, it shoots up a tall, grand fountain of dense golden and silver crackling sparks.\n\nPack Contains: 1 Box × 2 Pcs (Total 2 Pieces of Flower Pots Super Deluxe distributed across 1 individual box).""","","true","false","Flower Pots Super Deluxe","[{""S"":""5k-family""},{""S"":""5k-fancy""},{""S"":""10k-fancy""},{""S"":""best-selling""},{""S"":""party""}]","150","flowerpot","1000","","","","","flower pots super deluxe brand-50958a6d-ce8f-494e-9106-d7e00a2fd2e7 cat-27170166-7aab-4970-9e43-51cfd92d9c85 audience:friends audience:family audience:kids audience:party time:night\nnoise:low type:colour type:ground","28",""
"prod-994d46ad-383a-4154-855e-9f9ce7248cfa","[{""S"":""audience:friends""},{""S"":""audience:family""},{""S"":""audience:party""},{""S"":""time:day""},{""S"":""noise:high""},{""S"":""type:ground""},{""S"":""type:sound""}]","brand-ab02688c-c42d-48b5-a24e-2ac59d21a513","","cat-dd0580e5-695a-40ed-9daa-9840ff663e49","2026-07-25T12:39:09.831Z","""A giant 6-inch Lakshmi cracker built with 20 thick paper sheets. The ultimate daytime single-sound ground firework, delivering a massive, attention-grabbing blast.\n\nPack Contains: 5 Pkts × 5 Pcs (Total 25 Pieces of 6"""" Mega Lakshmi distributed across 5 individual packets).""","","true","false","""6"""" Mega Lakshmi""","[{""S"":""10k-thala-diwali-pack""},{""S"":""new-arrivals""},{""S"":""best-selling""},{""S"":""party""}]","545","singlesound","1000","","","","","""6"""" mega lakshmi brand-ab02688c-c42d-48b5-a24e-2ac59d21a513 cat-dd0580e5-695a-40ed-9daa-9840ff663e49 audience:friends audience:family audience:party time:day noise:high type:ground type:sound""","8",""
"prod-a31f1917-15cc-47c9-aa24-c58e424ccfac","[{""S"":""audience:friends""},{""S"":""audience:family""},{""S"":""audience:kids""},{""S"":""time:day""},{""S"":""noise:low""},{""S"":""type:ground""},{""S"":""type:sound""}]","brand-ab02688c-c42d-48b5-a24e-2ac59d21a513","100","cat-dd0580e5-695a-40ed-9daa-9840ff663e49","2026-07-25T12:39:09.831Z","""A small, traditional paper-wrapped bird bomb. Perfect for daytime fun, it lights quickly and makes a sharp, loud single sound on the ground.\n\nPack Contains: 25 Pkts × 5 Pcs (Total 125 Pieces of 2.75"""" Bird distributed across 25 individual packets).""","[{""S"":""https://cracker-app.s3.amazonaws.com/products/prod-2fdd5e4a-4d99-422f-8682-e9f391f5d62b/images/620f6155-5556-4696-a964-a2b0a81b772d-default-image-R7WPYLdV.png""}]","true","false","""2.75"""" Bird""","[{""S"":""3k-family""},{""S"":""5k-family""},{""S"":""best-selling""}]","373","singlesound","1000","370","360","350","340","""2.75"""" bird kanmani fireworks single sound crackers""","1",""
"prod-9a6acb53-5ef2-4487-9a1e-8a6cd6084ee1","[{""S"":""audience:friends""},{""S"":""audience:family""},{""S"":""audience:party""},{""S"":""time:night""},{""S"":""noise:high""},{""S"":""type:colour""},{""S"":""type:sound""},{""S"":""type:sky""}]","brand-502f2162-c9fb-4b02-8a94-f5e08777f22c","","cat-49a58658-dac3-49fa-b1c2-09577f1a8bd3","2026-07-25T12:39:09.831Z","""A specialized single shot aerial display pipe. Reaches high altitudes at night to explode into a clean, beautiful pastel pink and neon-blue dual star array.\n\nPack Contains: 1 Box × 1 Pce (Total 1 Piece of 5"""" COMET Shell - (PINK\BLUE Colors) distributed across 1 individual box).""","","true","false","""5"""" COMET Shell - (PINK\BLUE Colors)""","[{""S"":""best-selling""},{""S"":""new-arrivals""},{""S"":""party""}]","1572","singleaerial","1000","","","","","""5"""" comet shell - (pink\blue colors) brand-502f2162-c9fb-4b02-8a94-f5e08777f22c cat-49a58658-dac3-49fa-b1c2-09577f1a8bd3 audience:friends audience:family audience:party time:night noise:high type:colour type:sound type:sky""","128",""
"prod-f293745c-d95f-4edd-b637-e310fbff3fe1","[{""S"":""audience:friends""},{""S"":""audience:family""},{""S"":""audience:kids""},{""S"":""time:night\r\nnoise:low""},{""S"":""type:colour""},{""S"":""type:ground""}]","brand-fa700591-52d8-4ef0-9e22-1b4000b6baa9","","cat-137d7460-2748-4b4d-8a24-26f78fcba6f8","2026-07-25T12:39:09.831Z","""A fun, top-shaped spinning firework shell. When lit on smooth ground at night, it spins wildly like a traditional spinning top while tracing a vibrant multi-color tail.\n\nPack Contains: 1 Box × 10 Pcs (Total 10 Pieces of Bambaram Spinner distributed across 1 individual box).""","","true","false","Bambaram Spinner","[{""S"":""3k-kids""},{""S"":""5k-family""},{""S"":""best-selling""}]","164","chakkar","1000","","","","","bambaram spinner brand-fa700591-52d8-4ef0-9e22-1b4000b6baa9 cat-137d7460-2748-4b4d-8a24-26f78fcba6f8 audience:friends audience:family audience:kids time:night\nnoise:low type:colour type:ground","43",""
"prod-c438ae3f-d16b-4c40-a137-53a2f5b1a8a1","[{""S"":""audience:friends""},{""S"":""audience:family""},{""S"":""audience:kids""},{""S"":""audience:party""},{""S"":""time:night""},{""S"":""noise:low""},{""S"":""type:colour""},{""S"":""type:ground""}]","brand-b58ae044-dcf6-418f-a08d-9a0df11f3f50","","cat-c793fc09-3dd2-439f-8024-46d03fb2570f","2026-07-25T12:39:09.831Z","""An exciting novelty firework experience. It begins with a vibrant fountain display that transitions into an emulating shower effect, ultimately yielding the 'egg' surprise. Truly a delight for all.\n\nPack Contains: 1 Box × 2 Pcs (Total 2 Pieces of EMU Egg distributed across 1 individual box).""","","true","false","EMU Egg","[{""S"":""new-arrivals""},{""S"":""best-selling""}]","454","smallfountain","1000","","","","","emu egg brand-b58ae044-dcf6-418f-a08d-9a0df11f3f50 cat-c793fc09-3dd2-439f-8024-46d03fb2570f audience:friends audience:family audience:kids audience:party time:night noise:low type:colour type:ground","146",""
"prod-3ad7f9ce-91ed-412d-bb3a-c5251a53bd31","[{""S"":""audience:friends""},{""S"":""audience:family""},{""S"":""audience:kids""},{""S"":""time:night""},{""S"":""noise:high""},{""S"":""type:colour""},{""S"":""type:sound""},{""S"":""type:sky""}]","brand-fa700591-52d8-4ef0-9e22-1b4000b6baa9","","cat-c34b6eb2-4530-4031-bee0-5e55825010e7","2026-07-25T12:39:09.831Z","""An entry-level aerial repeater box. Launches 12 individual shells sequentially from the ground high into the night sky, bursting into 5 different multicolor patterns.\n\nPack Contains: 1 Box × 1 Pce (Total 1 Piece of 12 Shots distributed across 1 individual box).""","","true","false","12 Shots","[{""S"":""5k-family""},{""S"":""5k-fancy""},{""S"":""party""}]","318","multishot","1000","","","","","12 shots brand-fa700591-52d8-4ef0-9e22-1b4000b6baa9 cat-c34b6eb2-4530-4031-bee0-5e55825010e7 audience:friends audience:family audience:kids time:night noise:high type:colour type:sound type:sky","108",""
"prod-c16ee7cb-37f5-46e2-8ade-acccb16717ad","[{""S"":""audience:friends""},{""S"":""audience:family""},{""S"":""audience:kids""},{""S"":""time:night""},{""S"":""noise:low""},{""S"":""type:colour""},{""S"":""type:ground""}]","brand-f9c3a538-1f88-4749-8ed0-9b982dc03d2f","","cat-239204a6-57c7-4bdb-aca4-b9b252fba147","2026-07-25T12:39:09.831Z","An upgraded large clay-pot styled vertical fountain block. Emits a massive golden umbrella structure of dense sparks perfect for photos.\n\nPack Contains: 0 Box × 5 Pcs (Total 0 Pieces of Asrafi Golden Fountain ~ Big distributed across 0 individual boxes).","","true","false","Asrafi Golden Fountain ~ Big","[{""S"":""3k-kids""},{""S"":""3k-family""},{""S"":""5k-family""},{""S"":""10k-family""},{""S"":""10k-fancy""},{""S"":""new-arrivals""}]","105","smallfountain","1000","","","","","asrafi golden fountain ~ big brand-f9c3a538-1f88-4749-8ed0-9b982dc03d2f cat-239204a6-57c7-4bdb-aca4-b9b252fba147 audience:friends audience:family audience:kids time:night noise:low type:colour type:ground","152",""
"prod-16849e78-1d9c-4d75-bfad-acc1c9263c54","[{""S"":""audience:friends""},{""S"":""audience:family""},{""S"":""audience:party""},{""S"":""time:day""},{""S"":""time:night""},{""S"":""noise:high""},{""S"":""type:high-smoke""},{""S"":""type:ground""},{""S"":""type:sound""}]","brand-502f2162-c9fb-4b02-8a94-f5e08777f22c","","cat-12bb3f07-0803-4300-9d5a-bb165bf68410","2026-07-25T12:39:09.831Z","""A high-density eco-friendly 1000-shell equivalent digital garland. Designed for flawless, ultra-fast firing along the ground with extra-bright flash outputs at every explosion point.\n\nPack Contains: 1 Box × 1 Pce (Total 1 Piece of Boom Flash ~ 1K Digital Lar distributed across 1 individual box).""","","true","false","Boom Flash ~ 1K Digital Lar","[{""S"":""best-selling""},{""S"":""new-arrivals""},{""S"":""party""}]","490","digitallar","1000","","","","","boom flash ~ 1k digital lar brand-502f2162-c9fb-4b02-8a94-f5e08777f22c cat-12bb3f07-0803-4300-9d5a-bb165bf68410 audience:friends audience:family audience:party time:day time:night noise:high type:high-smoke type:ground type:sound","86",""
"prod-542c2756-16c2-4912-a6ae-f6204cf98790","[{""S"":""audience:friends""},{""S"":""audience:family""},{""S"":""audience:kids""},{""S"":""time:night\r\nnoise:low""},{""S"":""type:colour""},{""S"":""type:ground""}]","brand-50958a6d-ce8f-494e-9106-d7e00a2fd2e7","","cat-27170166-7aab-4970-9e43-51cfd92d9c85","2026-07-25T12:39:09.831Z","""A giant-sized flower pot. Placed on the ground at night, it unleashes a massive, towering cascade of dazzling crackling sparks that lights up the whole yard.\n\nPack Contains: 1 Box × 10 Pcs (Total 10 Pieces of Flower Pots Giant distributed across 1 individual box).""","","true","false","Flower Pots Giant","[{""S"":""10k-thala-diwali-pack""},{""S"":""best-selling""},{""S"":""new-arrivals""}]","300","flowerpot","1000","","","","","flower pots giant brand-50958a6d-ce8f-494e-9106-d7e00a2fd2e7 cat-27170166-7aab-4970-9e43-51cfd92d9c85 audience:friends audience:family audience:kids time:night\nnoise:low type:colour type:ground","34",""
"prod-4017b131-09e0-427f-8b51-60aafc5e3ac8","[{""S"":""audience:family""},{""S"":""audience:kids""},{""S"":""audience:friends""},{""S"":""time:day""},{""S"":""time:night""},{""S"":""noise:low""},{""S"":""type:colour""},{""S"":""type:handheld""}]","brand-2fbbaac1-c8a3-41a6-8e1b-0c63d30dfadc","","cat-1300aba7-85e1-4d05-8d04-d7c57c722ef7","2026-07-25T12:39:09.831Z","""A collection of 5 boxes, each containing 10 pieces of small-sized color match sticks. Ideal for quick, fun, and colorful lighting.\n\nPack Contains: 5 Boxes × 10 Match Sticks (Total 50 Match Sticks).""","","true","false","Rayal ACE ~ 5in1","","64","smallmatch","1000","","","","","rayal ace ~ 5in1 brand-2fbbaac1-c8a3-41a6-8e1b-0c63d30dfadc cat-1300aba7-85e1-4d05-8d04-d7c57c722ef7 audience:family audience:kids audience:friends time:day time:night noise:low type:colour type:handheld","171",""
"prod-df25f5bb-05c0-4c71-b4ea-b2692ab8d4d7","[{""S"":""audience:friends""},{""S"":""audience:family""},{""S"":""time:night""},{""S"":""time:day""},{""S"":""noise:low""},{""S"":""type:colour""},{""S"":""type:ground""},{""S"":""type:high-smoke""}]","brand-fa700591-52d8-4ef0-9e22-1b4000b6baa9","","cat-c793fc09-3dd2-439f-8024-46d03fb2570f","2026-07-25T12:39:09.831Z","""A large-sized carbon snake tablet firework. Completely soundless and safe for daytime use, it burns on the ground to grow a long, twisting black ash snake coil.\n\nPack Contains: 1 Box × 10 Pcs (Total 10 Pieces of Anaconda distributed across 1 individual box).""","","true","false","Anaconda","[{""S"":""3k-kids""},{""S"":""5k-fancy""},{""S"":""best-selling""}]","180","kidspecial","1000","","","","","anaconda brand-fa700591-52d8-4ef0-9e22-1b4000b6baa9 cat-c793fc09-3dd2-439f-8024-46d03fb2570f audience:friends audience:family time:night time:day noise:low type:colour type:ground type:high-smoke","140",""
"prod-1af8ad4f-f30e-4e86-abcf-923b96e85994","[{""S"":""audience:family""},{""S"":""audience:kids""},{""S"":""time:night""},{""S"":""noise:low""},{""S"":""type:colour""},{""S"":""type:ground""}]","brand-fa700591-52d8-4ef0-9e22-1b4000b6baa9","","cat-27170166-7aab-4970-9e43-51cfd92d9c85","2026-07-25T12:39:09.831Z","""An enhanced, medium-sized flower pot. Placed on the ground at night, it releases an ultra-bright, wide cone-shaped shower of luminous festive sparks.\n\nPack Contains: 1 Box × 10 Pcs (Total 10 Pieces of Flower Pots Special distributed across 1 individual box).""","","true","false","Flower Pots Special","[{""S"":""3k-kids""},{""S"":""3k-family""},{""S"":""5k-family""},{""S"":""5k-fancy""},{""S"":""10k-fancy""},{""S"":""best-selling""}]","172","flowerpot","1000","","","","","flower pots special brand-fa700591-52d8-4ef0-9e22-1b4000b6baa9 cat-27170166-7aab-4970-9e43-51cfd92d9c85 audience:family audience:kids time:night noise:low type:colour type:ground","29",""
"prod-45588af6-07cd-407b-9f69-aeb1f17087a6","[{""S"":""audience:friends""},{""S"":""audience:family""},{""S"":""audience:party""},{""S"":""time:day""},{""S"":""time:night""},{""S"":""noise:high""},{""S"":""type:high-smoke""},{""S"":""type:ground""},{""S"":""type:sound""}]","brand-fa700591-52d8-4ef0-9e22-1b4000b6baa9","","cat-12bb3f07-0803-4300-9d5a-bb165bf68410","2026-07-25T12:39:09.831Z","""A heavy-duty, double-layered garland housing 800 explosive shells. Floods the ground with a relentless, loud rhythm of overlapping firework sound bangs.\n\nPack Contains: 1 Box × 1 Pce (Total 1 Piece of 2K Blast (2*400 Shells) distributed across 1 individual box).""","","true","false","2K Blast (2*400 Shells)","[{""S"":""best-selling""},{""S"":""party""}]","545","wala","1000","","","","","2k blast (2*400 shells) brand-fa700591-52d8-4ef0-9e22-1b4000b6baa9 cat-12bb3f07-0803-4300-9d5a-bb165bf68410 audience:friends audience:family audience:party time:day time:night noise:high type:high-smoke type:ground type:sound","83",""
"prod-312818e4-f0da-45bd-ad3c-e51f0b82761e","[{""S"":""audience:friends""},{""S"":""audience:family""},{""S"":""time:night""},{""S"":""noise:low\r\ntype:colour""},{""S"":""type:handheld\r\ntype:high-smoke""}]","brand-82fc039f-5548-4c80-a2cf-0dc50e0c4e1e","","cat-91eac5b9-27b8-4bd2-be81-e4ef8702fc63","2026-07-25T12:39:09.831Z","""A jumbo 30 cm red color sparkler. Illuminates a wide yard with a strong, deep red color torch glow and expansive red spark streams over an extended runtime.\n\nPack Contains: 2 Box(s) × 5 Pcs (Total 10 Pieces of 30 Cm Red Sparklers distributed across 2 individual boxes).""","","true","false","30 Cm Red Sparklers","[{""S"":""10k-fancy""},{""S"":""best-selling""},{""S"":""party""}]","172","sparkler","1000","","","","","30 cm red sparklers brand-82fc039f-5548-4c80-a2cf-0dc50e0c4e1e cat-91eac5b9-27b8-4bd2-be81-e4ef8702fc63 audience:friends audience:family time:night noise:low\ntype:colour type:handheld\ntype:high-smoke","103",""
"prod-186f2233-4dc9-479b-acfd-42006211f7a2","[{""S"":""audience:family""},{""S"":""audience:friends""},{""S"":""audience:party""},{""S"":""time:day""},{""S"":""noise:high""},{""S"":""type:ground""},{""S"":""type:sound""}]","brand-fa700591-52d8-4ef0-9e22-1b4000b6baa9","","cat-91d15624-a97c-44aa-9688-89dc88a78f43","2026-07-25T12:39:09.831Z","Double-strength traditional paper bomb made with a large compressed paper casing. Detonates on the ground with a massive single cloud of paper shreds and loud thunder.\n\nPack Contains: 1 Box × 1 Pce (Total 1 Piece of Adiyal ~ 1/2 KG distributed across 1 individual box).","","true","false","Adiyal ~ 1/2 KG","[{""S"":""10k-family""},{""S"":""10k-thala-diwali-pack""},{""S"":""best-selling""},{""S"":""party""}]","138","paperbomb","1000","","","","","adiyal ~ 1/2 kg brand-fa700591-52d8-4ef0-9e22-1b4000b6baa9 cat-91d15624-a97c-44aa-9688-89dc88a78f43 audience:family audience:friends audience:party time:day noise:high type:ground type:sound","54",""
"prod-60c7d8d9-e250-42ba-b4d1-1b174e95724d","[{""S"":""audience:friends""},{""S"":""audience:family""},{""S"":""time:night""},{""S"":""noise:low""},{""S"":""type:colour""},{""S"":""type:sky""}]","brand-fa700591-52d8-4ef0-9e22-1b4000b6baa9","","cat-c793fc09-3dd2-439f-8024-46d03fb2570f","2026-07-25T12:39:09.831Z","""A fun flying toy-style aerial cracker. Ignited on smooth flat ground at night, its wings spin up rapidly to create a colorful fire tail before lifting off high into the sky.\n\nPack Contains: 1 Box × 5 Pcs (Total 5 Pieces of Helicopter distributed across 1 individual box).""","[{""S"":""https://cracker-app.s3.amazonaws.com/products/prod-3529071d-bbf8-4e88-9566-03bf20695f63/images/81201f22-29ad-49c2-9016-582de0025a98-helicopter.jpg""}]","true","false","Helicopter","[{""S"":""5k-family""},{""S"":""5k-fancy""},{""S"":""10k-family""},{""S"":""10k-fancy""}]","145","kidspecial","1000","","","","","helicopter sivakasi fireworks kids special","139",""
"prod-3c492372-19c9-4709-9659-e8f86b8e7a46","[{""S"":""audience:friends""},{""S"":""audience:family""},{""S"":""audience:kids""},{""S"":""time:night""},{""S"":""noise:high""},{""S"":""type:colour""},{""S"":""type:sound""},{""S"":""type:sky""}]","brand-4634bbd4-01b9-4710-bce6-24ba94ef3a06","","cat-c34b6eb2-4530-4031-bee0-5e55825010e7","2026-07-25T12:39:09.831Z","""A mid-tier aerial display box. Fires 15 rapid shells skyward at night, creating expansive multi-color patterns in green, yellow, red, silver, and crackling mixes.\n\nPack Contains: 1 Box × 1 Pce (Total 1 Piece of 15 Shots Mulitcolor Sky Shots distributed across 1 individual box).""","","true","false","15 Shots Mulitcolor Sky Shots","[{""S"":""party""}]","500","multishot","1000","","","","","15 shots mulitcolor sky shots brand-4634bbd4-01b9-4710-bce6-24ba94ef3a06 cat-c34b6eb2-4530-4031-bee0-5e55825010e7 audience:friends audience:family audience:kids time:night noise:high type:colour type:sound type:sky","109",""
"prod-370a46ab-8225-4bca-8641-13449555d63f","[{""S"":""audience:friends""},{""S"":""audience:family""},{""S"":""time:day""},{""S"":""noise:high""},{""S"":""type:ground""},{""S"":""type:sound""}]","brand-ab02688c-c42d-48b5-a24e-2ac59d21a513","","cat-ebd03d37-90ef-4079-b8ce-58fa44965c9c","2026-07-25T12:39:09.831Z","""A grand, mid-length garland holding 50 large 2.75-inch deluxe paper shells on a thick wire fuse. Delivers a sustained, thunderous sequence of heavy blasts on the ground. These crackers are hand-made with hand-twisted wire fuse tubes, giving them a tighter, more sealed ignition point that produces a comparatively higher decibel sound than machine-made tape fuse alternatives.\n\nPack Contains: 1 Pkt × 1 Pce (Total 1 Piece of 50 Deluxe (2.75"""" Shell) distributed across 1 individual packet).""","","true","false","""50 Deluxe (2.75"""" Shell)""","[{""S"":""5k-family""},{""S"":""10k-family""},{""S"":""10k-thala-diwali-pack""},{""S"":""best-selling""}]","190","deluxegarland","1000","","","","","""50 deluxe (2.75"""" shell) brand-ab02688c-c42d-48b5-a24e-2ac59d21a513 cat-ebd03d37-90ef-4079-b8ce-58fa44965c9c audience:friends audience:family time:day noise:high type:ground type:sound""","21",""
"prod-a6c68d4a-0607-4f12-a650-b68571bb0fcc","[{""S"":""audience:friends""},{""S"":""audience:family""},{""S"":""audience:kids""},{""S"":""time:day""},{""S"":""noise:low""},{""S"":""type:ground""},{""S"":""type:sound""}]","brand-fa700591-52d8-4ef0-9e22-1b4000b6baa9","","cat-4b8fbfa1-274d-44bc-97ab-79951dc661a0","2026-07-25T12:39:09.831Z","""A short string of 28 small bijili crackers joined by a strong wire fuse. It creates a rapid, continuous machine-gun crackling sound on the ground. Can be used day or night. These crackers are hand-made with hand-twisted wire fuse tubes, giving them a tighter, more sealed ignition point that produces a comparatively higher decibel sound than machine-made tape fuse alternatives.\n\nPack Contains: 10 Pkts × 1 Pce (Total 10 Pieces of 28 Chorsa distributed across 10 individual packets).""","","true","false","28 Chorsa","[{""S"":""3k-family""}]","272","smallgarland","1000","","","","","28 chorsa brand-fa700591-52d8-4ef0-9e22-1b4000b6baa9 cat-4b8fbfa1-274d-44bc-97ab-79951dc661a0 audience:friends audience:family audience:kids time:day noise:low type:ground type:sound","14",""
"prod-bc0ba9f0-7619-4ff4-9b20-8a5ea9afe6bf","[{""S"":""audience:family""},{""S"":""audience:kids""},{""S"":""audience:party""},{""S"":""audience:friends""},{""S"":""time:night""},{""S"":""noise:high""},{""S"":""type:colour""},{""S"":""type:sound""},{""S"":""type:sky""}]","brand-fa700591-52d8-4ef0-9e22-1b4000b6baa9","","cat-bd8acdb8-f4cc-4e20-9efb-651a8305e06e","2026-07-25T12:39:09.831Z","""A high-performance whistling rocket. Emits a piercing, loud howling whistle sound as it travels skyward at night, finishing with a small sparkle flash.\n\nPack Contains: 1 Box × 10 Pcs (Total 10 Pieces of Whistling Rocket distributed across 1 individual box).""","","true","false","Whistling Rocket","[{""S"":""new-arrivals""},{""S"":""best-selling""}]","320","whistleshot","1000","","","","","whistling rocket brand-fa700591-52d8-4ef0-9e22-1b4000b6baa9 cat-bd8acdb8-f4cc-4e20-9efb-651a8305e06e audience:family audience:kids audience:party audience:friends time:night noise:high type:colour type:sound type:sky","77",""
"prod-78ea2f5f-c0bf-42b2-a3d6-1fc9dfdb1359","[{""S"":""audience:friends""},{""S"":""audience:family""},{""S"":""audience:kids""},{""S"":""time:night""},{""S"":""noise:low""},{""S"":""type:colour""},{""S"":""type:ground""}]","brand-fa700591-52d8-4ef0-9e22-1b4000b6baa9","","cat-bd6836fc-0a7a-4236-9425-ff0b5dd0dd91","2026-07-25T12:39:09.831Z","""A fan-shaped decorative ground firework. Once lit, it shoots out a broad, beautiful semi-circular fan of blue and gold fire resembling a peacock tail.\n\nPack Contains: 1 Box × 5 Pcs (Total 5 Pieces of Peacock Feather distributed across 1 individual box).""","","true","false","Peacock Feather","[{""S"":""5k-fancy""},{""S"":""10k-family""},{""S"":""10k-fancy""},{""S"":""best-selling""}]","164","minipeacock","1000","","","","","peacock feather brand-fa700591-52d8-4ef0-9e22-1b4000b6baa9 cat-bd6836fc-0a7a-4236-9425-ff0b5dd0dd91 audience:friends audience:family audience:kids time:night noise:low type:colour type:ground","165",""
"prod-d5f3bb5b-5159-4f48-b498-ea385d956af7","[{""S"":""audience:friends""},{""S"":""audience:family""},{""S"":""time:day""},{""S"":""noise:high""},{""S"":""type:ground""},{""S"":""type:sound""}]","brand-fa700591-52d8-4ef0-9e22-1b4000b6baa9","","cat-ae2c064a-67fb-4deb-bd87-fe966f05a631","2026-07-25T12:39:09.831Z","""A high-speed tape garland holding 50 premium 2.75-inch deluxe shells. Delivers a continuous, fast-paced wall of  sound right across the floor. These crackers are machine-made with tape-sticker fuse tubes, which give a comparatively moderate, lower decibel sound than hand-made, hand-twisted wire fuse alternatives.\n\nPack Contains: 1 Pkt × 1 Pce (Total 1 Piece of 50 Deluxe (2.75"""" Shell) distributed across 1 individual packet).""","","true","false","""50 Deluxe (2.75"""" Shell - TAPE)""","[{""S"":""new-arrivals""}]","136","deluxegarland","1000","","","","","""50 deluxe (2.75"""" shell - tape) brand-fa700591-52d8-4ef0-9e22-1b4000b6baa9 cat-ae2c064a-67fb-4deb-bd87-fe966f05a631 audience:friends audience:family time:day noise:high type:ground type:sound""","24",""
"prod-f141f757-a0b4-4626-8295-ad799e13f2cb","[{""S"":""audience:friends""},{""S"":""audience:family""},{""S"":""audience:kids""},{""S"":""audience:party""},{""S"":""time:night""},{""S"":""noise:low""},{""S"":""type:colour""},{""S"":""type:handheld""}]","brand-fa700591-52d8-4ef0-9e22-1b4000b6baa9","","cat-0ce1f84f-e513-4fe1-af4c-52751c26f45d","2026-07-25T12:39:09.831Z","""An extra-long 4-foot handheld star torch. Offers an incredibly long duration of steady nighttime burning, emitting a cascading shower of twinkling stars safely.\n\nPack Contains: 1 Box × 10 Pcs (Total 10 Pieces of 4' Twinkling Star distributed across 1 individual box).""","","true","false","4' Twinkling Star","[{""S"":""3k-family""},{""S"":""5k-family""},{""S"":""10k-family""},{""S"":""10k-fancy""},{""S"":""10k-thala-diwali-pack""},{""S"":""best-selling""}]","109","novelty","1000","","","","","4' twinkling star brand-fa700591-52d8-4ef0-9e22-1b4000b6baa9 cat-0ce1f84f-e513-4fe1-af4c-52751c26f45d audience:friends audience:family audience:kids audience:party time:night noise:low type:colour type:handheld","58",""
"prod-4190dcd9-9f1a-4b4b-a104-b703eab4b3ac","[{""S"":""audience:friends""},{""S"":""audience:family""},{""S"":""audience:kids""},{""S"":""audience:party""},{""S"":""time:night""},{""S"":""noise:low""},{""S"":""type:colour""},{""S"":""type:handheld""}]","brand-b58ae044-dcf6-418f-a08d-9a0df11f3f50","","cat-0ce1f84f-e513-4fe1-af4c-52751c26f45d","2026-07-25T12:39:09.831Z","""Premium pistol-shaped dual handheld torch guns. Fires an uninterrupted, thick stream of dazzling white sparks and crackles forward safely at night.\n\nPack Contains: 1 Box × 2 Pcs (Total 2 Pieces of 5G Pistol Gun distributed across 1 individual box).""","","true","false","5G Pistol Gun","[{""S"":""best-selling""},{""S"":""new-arrivals""}]","550","novelty","1000","","","","","5g pistol gun brand-b58ae044-dcf6-418f-a08d-9a0df11f3f50 cat-0ce1f84f-e513-4fe1-af4c-52751c26f45d audience:friends audience:family audience:kids audience:party time:night noise:low type:colour type:handheld","62",""
"prod-c30b0496-4823-4d7b-9409-d5dd20dd1057","[{""S"":""audience:friends""},{""S"":""audience:family""},{""S"":""audience:kids""},{""S"":""time:day""},{""S"":""noise:low""},{""S"":""type:ground""},{""S"":""type:sound""},{""S"":""type:sky""},{""S"":""type:handheld""}]","brand-579b7046-057d-4c8a-8e7d-6eef740eade6","","cat-67ccb59e-3aa2-484d-98d9-8915a40dfa5f","2026-07-25T12:39:09.831Z","""A packet of loose, small-sized single bijili crackers in classic red wrapping. Great for low-noise daytime fun, making a quick single popping sound on the ground.\n\nPack Contains: 1 Pkt × 100 Pcs (Total 100 Pieces of Red Bijili distributed across 1 individual packet).""","","true","false","Red Bijili","[{""S"":""3k-kids""},{""S"":""3k-family""},{""S"":""10k-family""},{""S"":""best-selling""}]","72","singlesound","1000","","","","","red bijili brand-579b7046-057d-4c8a-8e7d-6eef740eade6 cat-67ccb59e-3aa2-484d-98d9-8915a40dfa5f audience:friends audience:family audience:kids time:day noise:low type:ground type:sound type:sky type:handheld","11",""
"prod-008b7424-50e5-41c3-a38f-6a8b65dab085","[{""S"":""audience:friends""},{""S"":""audience:family""},{""S"":""audience:party""},{""S"":""time:day""},{""S"":""time:night""},{""S"":""noise:high""},{""S"":""type:high-smoke""},{""S"":""type:ground""},{""S"":""type:sound""}]","brand-ab02688c-c42d-48b5-a24e-2ac59d21a513","","cat-12bb3f07-0803-4300-9d5a-bb165bf68410","2026-07-25T12:39:09.831Z","A heavyweight dual-line garland carrying 1400 premium sound shells. Explodes with immense intensity over a prolonged timeframe across wide ground surfaces.\n\nPack Contains: 1 Box × 1 Pce (Total 1 Piece of 2K Blast (2*700 Shells) distributed across 1 individual box).","","true","false","2K Blast (2*700 Shells)","[{""S"":""best-selling""},{""S"":""new-arrivals""},{""S"":""party""}]","982","wala","1000","","","","","2k blast (2*700 shells) brand-ab02688c-c42d-48b5-a24e-2ac59d21a513 cat-12bb3f07-0803-4300-9d5a-bb165bf68410 audience:friends audience:family audience:party time:day time:night noise:high type:high-smoke type:ground type:sound","88",""
"prod-61de32ac-78e9-49b3-b007-5fdb652a26bc","[{""S"":""audience:family""},{""S"":""audience:kids""},{""S"":""time:day""},{""S"":""time:night""},{""S"":""noise:low""},{""S"":""type:sound""},{""S"":""type:handheld""}]","brand-2bd085ce-4096-4321-ac67-d323bdefb389","","cat-357f91e1-2966-4208-a623-7111cd886a6f","2026-07-25T12:39:09.831Z","""A bulk box containing 100 rolls of traditional paper roll caps. Delivers consistent, spark-free crackling sounds when fed into roll cap toy guns.\n\nPack Contains: 1 Box × 100 Rolls (Total 100 Pieces of Roll Caps distributed across 1 individual box).""","","true","false","Roll Caps","[{""S"":""best-selling""}]","120","rollcap","1000","","","","","roll caps brand-2bd085ce-4096-4321-ac67-d323bdefb389 cat-357f91e1-2966-4208-a623-7111cd886a6f audience:family audience:kids time:day time:night noise:low type:sound type:handheld","71",""
"prod-255f94a0-1ba1-42ce-b037-04f81c33ad17","[{""S"":""audience:friends""},{""S"":""audience:family""},{""S"":""audience:kids""},{""S"":""time:night""},{""S"":""noise:low""},{""S"":""type:colour""},{""S"":""type:ground""}]","brand-93511537-a2f5-4050-90de-965873cca8fb","","cat-eb4f1e7a-b3cd-424d-9118-ae8b0e5f9c78","2026-07-25T12:39:09.831Z","""A 4-inch heavy metal-cased tin fountain layout. Delivers an extremely powerful vertical rocket-style blast of pure white/silver/red/green sparks.\n\nPack Contains: 1 Box × 1 Pce (Total 1 Piece of 4"""" TIN Fountain distributed across 1 individual box).""","","true","false","""4"""" TIN Fountain""","[{""S"":""3k-kids""},{""S"":""3k-family""},{""S"":""5k-fancy""}]","172","mediumfountain","1000","","","","","""4"""" tin fountain brand-93511537-a2f5-4050-90de-965873cca8fb cat-eb4f1e7a-b3cd-424d-9118-ae8b0e5f9c78 audience:friends audience:family audience:kids time:night noise:low type:colour type:ground""","155",""
"prod-98132e23-9cde-486a-a5e7-0aff2a0a5f38","[{""S"":""audience:friends""},{""S"":""audience:party""},{""S"":""audience:family""},{""S"":""time:night""},{""S"":""noise:high""},{""S"":""type:colour""},{""S"":""type:sound""},{""S"":""type:sky""}]","brand-4634bbd4-01b9-4710-bce6-24ba94ef3a06","","cat-c34b6eb2-4530-4031-bee0-5e55825010e7","2026-07-25T12:39:09.831Z","""An ultra-volume 120-shot continuous aerial barrage. Fired from the ground at night, keeping the sky continuously filled with a beautiful, synchronized array of multi-color bursts.\n\nPack Contains: 1 Box × 1 Pce (Total 1 Piece of 120 Shots Mulitcolor Sky Shots distributed across 1 individual box).""","","true","false","120 Shots Mulitcolor Sky Shots","[{""S"":""10k-fancy""},{""S"":""10k-thala-diwali-pack""},{""S"":""best-selling""},{""S"":""party""}]","2909","multishot","1000","","","","","120 shots mulitcolor sky shots brand-4634bbd4-01b9-4710-bce6-24ba94ef3a06 cat-c34b6eb2-4530-4031-bee0-5e55825010e7 audience:friends audience:party audience:family time:night noise:high type:colour type:sound type:sky","115",""
"prod-42e4922f-f4ea-4766-b00a-11b263662306","[{""S"":""audience:friends""},{""S"":""audience:family""},{""S"":""audience:party""},{""S"":""time:night""},{""S"":""noise:high""},{""S"":""type:colour""},{""S"":""type:sound""},{""S"":""type:sky""}]","brand-aa6525c7-020c-40a3-9184-2554c2d8ce61","","cat-49a58658-dac3-49fa-b1c2-09577f1a8bd3","2026-07-25T12:39:09.831Z","""A massive 4-inch single shot heavy mortar pipe. Shoots an ultra-high altitude shell that creates a stunning aerial display of waterfall patterns and multi-color crackling rings.\n\nPack Contains: 1 Box × 1 Pce (Total 1 Piece of 4"""" COMET Shell (MultiFlavour Colors) distributed across 1 individual box).""","","true","false","""4"""" COMET Shell (MultiFlavour Colors)""","[{""S"":""10k-fancy""},{""S"":""10k-thala-diwali-pack""},{""S"":""best-selling""},{""S"":""new-arrivals""},{""S"":""party""}]","582","singleaerial","1000","","","","","""4"""" comet shell (multiflavour colors) brand-aa6525c7-020c-40a3-9184-2554c2d8ce61 cat-49a58658-dac3-49fa-b1c2-09577f1a8bd3 audience:friends audience:family audience:party time:night noise:high type:colour type:sound type:sky""","125",""
"prod-5cf25806-cbd3-4340-bb70-9cce69183192","[{""S"":""audience:family""},{""S"":""audience:kids""},{""S"":""time:night""},{""S"":""noise:low\r\ntype:colour""},{""S"":""type:handheld""}]","brand-82fc039f-5548-4c80-a2cf-0dc50e0c4e1e","","cat-91eac5b9-27b8-4bd2-be81-e4ef8702fc63","2026-07-25T12:39:09.831Z","""A fun 12 cm crackling sparkler stick. Best enjoyed at night, it creates a highly active handheld crackling effect with sharp, glittering golden micro-snaps.\n\nPack Contains: 5 Box(s) × 10 Pcs (Total 50 Pieces of 12 Cm Glittering Sparklers distributed across 5 individual boxes).""","","true","false","12 Cm Glittering Sparklers","[{""S"":""3k-family""},{""S"":""5k-family""},{""S"":""10k-family""}]","218","sparkler","1000","","","","","12 cm glittering sparklers brand-82fc039f-5548-4c80-a2cf-0dc50e0c4e1e cat-91eac5b9-27b8-4bd2-be81-e4ef8702fc63 audience:family audience:kids time:night noise:low\ntype:colour type:handheld","92",""
"prod-d0a05081-36d9-481f-a22c-8c54e3ed86d3","[{""S"":""audience:friends""},{""S"":""audience:family""},{""S"":""audience:kids""},{""S"":""time:night""},{""S"":""noise:low\r\ntype:colour""},{""S"":""type:handheld""}]","brand-82fc039f-5548-4c80-a2cf-0dc50e0c4e1e","","cat-91eac5b9-27b8-4bd2-be81-e4ef8702fc63","2026-07-25T12:39:09.831Z","""A long 30 cm jumbo crackling sparkler. Provides minutes of continuous, high-volume crackling sound output and a gold glitter aura straight from the hand.\n\nPack Contains: 2 Box(s) × 5 Pcs (Total 10 Pieces of 30 Cm Glittering Sparklers distributed across 2 individual boxes).""","","true","false","30 Cm Glittering Sparklers","[{""S"":""10k-family""},{""S"":""10k-fancy""},{""S"":""best-selling""},{""S"":""party""}]","136","sparkler","1000","","","","","30 cm glittering sparklers brand-82fc039f-5548-4c80-a2cf-0dc50e0c4e1e cat-91eac5b9-27b8-4bd2-be81-e4ef8702fc63 audience:friends audience:family audience:kids time:night noise:low\ntype:colour type:handheld","101",""
"prod-769fc81b-3e53-4ea5-8ab1-be7745fb9c5e","[{""S"":""audience:friends""},{""S"":""audience:family""},{""S"":""audience:kids""},{""S"":""audience:party""},{""S"":""time:night""},{""S"":""noise:low""},{""S"":""type:colour""},{""S"":""type:handheld""}]","brand-93511537-a2f5-4050-90de-965873cca8fb","","cat-0ce1f84f-e513-4fe1-af4c-52751c26f45d","2026-07-25T12:39:09.831Z","""A sword-shaped handheld stylized torch. Safe for kids and adults at night, it activates to shoot a fiery, bright multi-color stream of sparks like a magical glowing sword blade.\n\nPack Contains: 1 Box × 1 Pce (Total 1 Piece of Warrior Sword distributed across 1 individual box).""","","true","false","Warrior Sword","[{""S"":""new-arrivals""},{""S"":""best-selling""}]","340","novelty","1000","","","","","warrior sword brand-93511537-a2f5-4050-90de-965873cca8fb cat-0ce1f84f-e513-4fe1-af4c-52751c26f45d audience:friends audience:family audience:kids audience:party time:night noise:low type:colour type:handheld","60",""
"prod-f6224bdf-067d-4fe3-ada5-eeb20357c80d","[{""S"":""audience:friends""},{""S"":""audience:family""},{""S"":""audience:party""},{""S"":""time:night""},{""S"":""noise:high""},{""S"":""type:colour""},{""S"":""type:sound""},{""S"":""type:sky""}]","brand-502f2162-c9fb-4b02-8a94-f5e08777f22c","","cat-9429d284-d038-4b28-b5af-b64caa932f10","2026-07-25T12:39:09.831Z","""A 25-shot heavy-duty premium box. Shoots large-diameter shells that bloom at high altitudes at night into thick, professional-grade multi-color willow cascades.\n\nPack Contains: 1 Box × 1 Pce (Total 1 Piece of Celebration Nights (2"""" ~ 25 Pcs Setout) distributed across 1 individual box).""","","true","false","""Celebration Nights (2"""" ~ 25 Pcs Setout)""","[{""S"":""best-selling""},{""S"":""new-arrivals""},{""S"":""party""}]","7637","setout","1000","","","","","""celebration nights (2"""" ~ 25 pcs setout) brand-502f2162-c9fb-4b02-8a94-f5e08777f22c cat-9429d284-d038-4b28-b5af-b64caa932f10 audience:friends audience:family audience:party time:night noise:high type:colour type:sound type:sky""","135",""
"prod-22902b96-c224-45b5-a89c-35ede66d97d8","[{""S"":""audience:friends""},{""S"":""audience:family""},{""S"":""audience:party""},{""S"":""time:day""},{""S"":""time:night""},{""S"":""noise:high""},{""S"":""type:high-smoke""},{""S"":""type:ground""},{""S"":""type:sound""}]","brand-ab02688c-c42d-48b5-a24e-2ac59d21a513","","cat-12bb3f07-0803-4300-9d5a-bb165bf68410","2026-07-25T12:39:09.831Z","""The absolute king of traditional firework chains, featuring 7000 premium interconnected shells. Creates a colossal, historic ground celebration with thunderous echoes.\n\nPack Contains: 1 Box × 1 Pce (Total 1 Piece of 10K Blast (10*700 Shells) distributed across 1 individual box).""","","true","false","10K Blast (10*700 Shells)","[{""S"":""best-selling""},{""S"":""new-arrivals""},{""S"":""party""}]","4909","wala","1000","","","","","10k blast (10*700 shells) brand-ab02688c-c42d-48b5-a24e-2ac59d21a513 cat-12bb3f07-0803-4300-9d5a-bb165bf68410 audience:friends audience:family audience:party time:day time:night noise:high type:high-smoke type:ground type:sound","90",""
"prod-923e1f58-3fe0-4dc6-9904-ff910bc20a5c","[{""S"":""audience:friends""},{""S"":""audience:family""},{""S"":""audience:kids""},{""S"":""time:night""},{""S"":""noise:low""},{""S"":""type:colour""},{""S"":""type:ground""}]","brand-fa700591-52d8-4ef0-9e22-1b4000b6baa9","","cat-c793fc09-3dd2-439f-8024-46d03fb2570f","2026-07-25T12:39:09.831Z","""Safe chemical spark tablets. When ignited flat on the ground during day or night, they give small fun friction red/green/gold emission.\n\nPack Contains: 1 Box × 10 Pcs (Total 10 Pieces of Electric Stone distributed across 1 individual box).""","","true","false","Electric Stone","[{""S"":""3k-kids""},{""S"":""3k-family""}]","36","kidspecial","1000","","","","","electric stone brand-fa700591-52d8-4ef0-9e22-1b4000b6baa9 cat-c793fc09-3dd2-439f-8024-46d03fb2570f audience:friends audience:family audience:kids time:night noise:low type:colour type:ground","142",""
"prod-37aa6318-be96-4bd4-a807-f9805f10e4de","[{""S"":""audience:family""},{""S"":""audience:kids""},{""S"":""time:day""},{""S"":""time:night""},{""S"":""noise:low""},{""S"":""type:ground""},{""S"":""type:sound""}]","brand-fa700591-52d8-4ef0-9e22-1b4000b6baa9","","cat-12bb3f07-0803-4300-9d5a-bb165bf68410","2026-07-25T12:39:09.831Z","""A traditional ground string garland containing around 100 interconnected cracker shells. Emits a fast, loud multi-flash sound barrage. Great for festive entry events.\n\nPack Contains: 1 Box × 1 Pce (Total 1 Piece of 100 Wala distributed across 1 individual box).""","","true","false","100 Wala","[{""S"":""3k-kids""},{""S"":""3k-family""},{""S"":""10k-thala-diwali-pack""}]","70","smallgarland","1000","","","","","100 wala brand-fa700591-52d8-4ef0-9e22-1b4000b6baa9 cat-12bb3f07-0803-4300-9d5a-bb165bf68410 audience:family audience:kids time:day time:night noise:low type:ground type:sound","78",""
"prod-536b5f5f-41f8-4ab5-ae25-e72627907d89","[{""S"":""audience:family""},{""S"":""audience:kids""},{""S"":""audience:friends""},{""S"":""audience:party""},{""S"":""time:day""},{""S"":""time:night""},{""S"":""noise:low""},{""S"":""type:colour""},{""S"":""type:handheld""}]","brand-2fbbaac1-c8a3-41a6-8e1b-0c63d30dfadc","","cat-1300aba7-85e1-4d05-8d04-d7c57c722ef7","2026-07-25T12:39:09.831Z","""The ultimate in match stick quality, featuring 5 boxes of 10 pieces each of extra-large sized color match sticks for a superior, long-burning spark.\n\nPack Contains: 5 Boxes × 10 Match Sticks (Total 50 Match Sticks).""","","true","false","Rayal Super Jumbo ~ 5in1","[{""S"":""best-selling""},{""S"":""new-arrivals""},{""S"":""party""}]","263","largematch","1000","","","","","rayal super jumbo ~ 5in1 brand-2fbbaac1-c8a3-41a6-8e1b-0c63d30dfadc cat-1300aba7-85e1-4d05-8d04-d7c57c722ef7 audience:family audience:kids audience:friends audience:party time:day time:night noise:low type:colour type:handheld","175",""
"prod-d89484fb-67a4-485d-8547-1f174fdd1c2d","[{""S"":""audience:friends""},{""S"":""audience:family""},{""S"":""time:night""},{""S"":""noise:low\r\ntype:colour""},{""S"":""type:handheld\r\ntype:high-smoke""}]","brand-b58ae044-dcf6-418f-a08d-9a0df11f3f50","","cat-91eac5b9-27b8-4bd2-be81-e4ef8702fc63","2026-07-25T12:39:09.831Z","""A novelty 30 cm round-headed lollipop-shaped sparkler. Handheld night device that burns in a unique circular swirling pattern, releasing multi-color sparks.\n\nPack Contains: 1 Box × 5 Pcs (Total 5 Pieces of Lollipop distributed across 1 individual box).""","","true","false","Lollipop","[{""S"":""best-selling""},{""S"":""new-arrivals""}]","550","sparkler","1000","","","","","lollipop brand-b58ae044-dcf6-418f-a08d-9a0df11f3f50 cat-91eac5b9-27b8-4bd2-be81-e4ef8702fc63 audience:friends audience:family time:night noise:low\ntype:colour type:handheld\ntype:high-smoke","106",""
"prod-ffefbf58-946f-4458-932b-85a8b6615a62","","brand-fa700591-52d8-4ef0-9e22-1b4000b6baa9","","cat-4b7df8e5-4e0a-49f8-a2dd-0f2b345d4222","2026-07-25T12:39:09.831Z","Grand celebratory superstar edition signature luxury mega cracker combo pack.\n\nPack Contains: 1 Box (combo contents are listed in combo package section of our site).","","true","true","10K THALA DIWALI PACK ~ COMBO BOX","[{""S"":""best-selling""},{""S"":""new-arrivals""}]","10000","combobox","1000","","","","","10k thala diwali pack ~ combo box brand-fa700591-52d8-4ef0-9e22-1b4000b6baa9 cat-4b7df8e5-4e0a-49f8-a2dd-0f2b345d4222","188",""
"prod-47555e84-5163-432a-93d6-56f55e37847c","[{""S"":""audience:friends""},{""S"":""audience:family""},{""S"":""audience:kids""},{""S"":""time:night""},{""S"":""noise:low""},{""S"":""type:colour""},{""S"":""type:ground""}]","brand-f9c3a538-1f88-4749-8ed0-9b982dc03d2f","","cat-239204a6-57c7-4bdb-aca4-b9b252fba147","2026-07-25T12:39:09.831Z","""A standard traditional small clay-pot fountain style. Gives a very smooth, low heat stream of fine golden flower spark dust.\n\nPack Contains: 1 Box × 10 Pcs (Total 10 Pieces of Asrafi Golden Fountain ~ Small distributed across 1 individual box).""","","true","false","Asrafi Golden Fountain ~ Small","[{""S"":""3k-kids""},{""S"":""5k-fancy""},{""S"":""new-arrivals""}]","82","smallfountain","1000","","","","","asrafi golden fountain ~ small brand-f9c3a538-1f88-4749-8ed0-9b982dc03d2f cat-239204a6-57c7-4bdb-aca4-b9b252fba147 audience:friends audience:family audience:kids time:night noise:low type:colour type:ground","151",""
"prod-fe204ac2-4e9b-4423-a2ba-734978594c29","[{""S"":""audience:family""},{""S"":""audience:kids""},{""S"":""audience:party""},{""S"":""audience:friends""},{""S"":""time:night""},{""S"":""noise:low""},{""S"":""type:colour""},{""S"":""type:sound""},{""S"":""type:sky""}]","brand-fa700591-52d8-4ef0-9e22-1b4000b6baa9","","cat-bd8acdb8-f4cc-4e20-9efb-651a8305e06e","2026-07-25T12:39:09.831Z","A premium triple-stage sky rocket. Climbs high into the night sky and executes a rapid series of three loud explosive pops high in the atmosphere.\n\nPack Contains: 1 Box × 10 Pcs (Total 10 Pieces of 3 Sound Rocket distributed across 1 individual box).","","true","false","3 Sound Rocket","[{""S"":""best-selling""},{""S"":""new-arrivals""}]","240","rocket","1000","","","","","3 sound rocket brand-fa700591-52d8-4ef0-9e22-1b4000b6baa9 cat-bd8acdb8-f4cc-4e20-9efb-651a8305e06e audience:family audience:kids audience:party audience:friends time:night noise:low type:colour type:sound type:sky","76",""
"prod-c3f27891-da35-4eb9-8aa4-84aad1e6afb2","[{""S"":""audience:friends""},{""S"":""audience:family""},{""S"":""audience:kids""},{""S"":""time:night""},{""S"":""noise:low""},{""S"":""type:colour""},{""S"":""type:ground""}]","brand-fa700591-52d8-4ef0-9e22-1b4000b6baa9","","cat-c793fc09-3dd2-439f-8024-46d03fb2570f","2026-07-25T12:39:09.831Z","""A classic photography flash card. Lights up instantly at night with an incredibly brilliant, pure white camera-flash style lighting effect.\n\nPack Contains: 1 Box × 5 Pcs (Total 5 Pieces of Photo Flash distributed across 1 individual box).""","","true","false","Photo Flash","[{""S"":""3k-kids""},{""S"":""3k-family""},{""S"":""5k-fancy""},{""S"":""10k-family""},{""S"":""10k-fancy""}]","118","kidspecial","1000","","","","","photo flash brand-fa700591-52d8-4ef0-9e22-1b4000b6baa9 cat-c793fc09-3dd2-439f-8024-46d03fb2570f audience:friends audience:family audience:kids time:night noise:low type:colour type:ground","147",""
"prod-0a5e645c-3381-48e1-82ae-2a7b57b84488","[{""S"":""audience:friends""},{""S"":""audience:family""},{""S"":""audience:kids""},{""S"":""time:night""},{""S"":""noise:low""},{""S"":""type:colour""},{""S"":""type:ground""}]","brand-fa700591-52d8-4ef0-9e22-1b4000b6baa9","","cat-c793fc09-3dd2-439f-8024-46d03fb2570f","2026-07-25T12:39:09.831Z","""A creative ground spinner shape. Spins around rapidly before flapping a bright wing-shaped cloud of gold crackles and red,green sparks at night.\n\nPack Contains: 1 Box × 10 Pcs (Total 10 Pieces of Magic Butterfly distributed across 1 individual box).""","","true","false","Magic Butterfly","[{""S"":""3k-kids""},{""S"":""3k-family""},{""S"":""5k-fancy""},{""S"":""10k-fancy""}]","137","kidspecial","1000","","","","","magic butterfly brand-fa700591-52d8-4ef0-9e22-1b4000b6baa9 cat-c793fc09-3dd2-439f-8024-46d03fb2570f audience:friends audience:family audience:kids time:night noise:low type:colour type:ground","144",""
"prod-24b3f4ad-1240-4aba-98c0-0c3f81cf556e","[{""S"":""audience:friends""},{""S"":""audience:family""},{""S"":""audience:kids""},{""S"":""time:night\r\nnoise:low""},{""S"":""type:colour""},{""S"":""type:ground""}]","brand-fa700591-52d8-4ef0-9e22-1b4000b6baa9","","cat-137d7460-2748-4b4d-8a24-26f78fcba6f8","2026-07-25T12:39:09.831Z","""A dynamic rotating ground spinner. It emits a flashing, strobe-like glittering disco effect along with changing colorful rings as it spins furiously at night.\n\nPack Contains: 1 Box × 5 Pcs (Total 5 Pieces of Disco Wheel distributed across 1 individual box).""","","true","false","Disco Wheel","[{""S"":""best-selling""},{""S"":""new-arrivals""}]","200","chakkar","1000","","","","","disco wheel brand-fa700591-52d8-4ef0-9e22-1b4000b6baa9 cat-137d7460-2748-4b4d-8a24-26f78fcba6f8 audience:friends audience:family audience:kids time:night\nnoise:low type:colour type:ground","45",""
"prod-cb3ebead-f5cd-485a-b56b-b8aa7a94f905","[{""S"":""audience:friends""},{""S"":""audience:family""},{""S"":""audience:party""},{""S"":""time:night""},{""S"":""noise:high""},{""S"":""type:colour""},{""S"":""type:sound""},{""S"":""type:sky""}]","brand-502f2162-c9fb-4b02-8a94-f5e08777f22c","","cat-9429d284-d038-4b28-b5af-b64caa932f10","2026-07-25T12:39:09.831Z","""A high-end 20-shot large-caliber extreme display box. The gold standard for night events, launching 20 massive professional mortar shells that fill the sky with gold palm rings.\n\nPack Contains: 1 Box × 1 Pce (Total 1 Piece of Champion Nights (3.5"""" ~ 20 Pcs Setout) distributed across 1 individual box).""","","true","false","""Champion Nights (3.5"""" ~ 20 Pcs Setout)""","[{""S"":""best-selling""},{""S"":""new-arrivals""},{""S"":""party""}]","10636","setout","1000","","","","","""champion nights (3.5"""" ~ 20 pcs setout) brand-502f2162-c9fb-4b02-8a94-f5e08777f22c cat-9429d284-d038-4b28-b5af-b64caa932f10 audience:friends audience:family audience:party time:night noise:high type:colour type:sound type:sky""","136",""
"prod-72bff403-6c02-44c0-b024-fd124295c315","[{""S"":""audience:family""},{""S"":""audience:kids""},{""S"":""time:day""},{""S"":""noise:low""},{""S"":""type:ground""},{""S"":""type:sound""}]","brand-f9c3a538-1f88-4749-8ed0-9b982dc03d2f","","cat-1f04252a-872e-4ff0-b209-824032c3c3a7","2026-07-25T12:39:09.831Z","""A compact cylindrical shell bomb wrapped tightly in green thread. Explodes directly on the ground during daytime with a sharp, ear-splitting single flash sound.\n\nPack Contains: 1 Box × 10 Pcs (Total 10 Pieces of Bullet Bomb distributed across 1 individual box).""","","true","false","Bullet Bomb","","50","bomb","1000","","","","","bullet bomb brand-f9c3a538-1f88-4749-8ed0-9b982dc03d2f cat-1f04252a-872e-4ff0-b209-824032c3c3a7 audience:family audience:kids time:day noise:low type:ground type:sound","48",""
"prod-6f632b88-c52e-4000-a172-e504cfd6291a","[{""S"":""audience:friends""},{""S"":""audience:family""},{""S"":""audience:kids""},{""S"":""time:night""},{""S"":""noise:low""},{""S"":""type:colour""},{""S"":""type:ground""}]","brand-fa700591-52d8-4ef0-9e22-1b4000b6baa9","","cat-c793fc09-3dd2-439f-8024-46d03fb2570f","2026-07-25T12:39:09.831Z","Fun novelty boxes with popular children's characters. It runs on the ground emitting beautiful changing color stars and low popping sounds.\n\nPack Contains: 1 Box × 10 Pcs (Total 10 Pieces of Kids Cartoon distributed across 1 individual box).","","true","false","Kids Cartoon","[{""S"":""3k-kids""},{""S"":""5k-fancy""}]","72","kidspecial","1000","","","","","kids cartoon brand-fa700591-52d8-4ef0-9e22-1b4000b6baa9 cat-c793fc09-3dd2-439f-8024-46d03fb2570f audience:friends audience:family audience:kids time:night noise:low type:colour type:ground","143",""
"prod-fc8d1a7b-080b-47df-9545-07b63e039ee7","[{""S"":""audience:friends""},{""S"":""audience:family""},{""S"":""time:night""},{""S"":""noise:high""},{""S"":""type:colour""},{""S"":""type:sound""},{""S"":""type:sky""}]","brand-fa700591-52d8-4ef0-9e22-1b4000b6baa9","","cat-49a58658-dac3-49fa-b1c2-09577f1a8bd3","2026-07-25T12:39:09.831Z","""An extraordinary premium aerial comet shell that launches high into the night sky, unleashing a breathtaking Multi-Flavour signature display. Features a majestic, vibrant burst sequence with alternating intense layers of Emerald Green, Fiery Crimson Red, Red & Green cross-overs, Shimmering Silver trails, and Golden Yellow crackling stars. Specially engineered for a grand, multi-colored theatrical sky show.\n\nPack Contains: 1 Box × 1 Pce (Total 1 Piece of 1.25"""" COMET Shell (MultiFlavour Colors) distributed across 1 individual box).""","","true","false","""1.25"""" COMET Shell (MultiFlavour Colors)""","[{""S"":""3k-kids""},{""S"":""3k-family""},{""S"":""5k-family""},{""S"":""5k-fancy""},{""S"":""best-selling""}]","64","singleaerial","1000","","","","","""1.25"""" comet shell (multiflavour colors) brand-fa700591-52d8-4ef0-9e22-1b4000b6baa9 cat-49a58658-dac3-49fa-b1c2-09577f1a8bd3 audience:friends audience:family time:night noise:high type:colour type:sound type:sky""","120",""
"prod-b4cea186-1d93-4906-a95a-f70051040ce0","[{""S"":""audience:friends""},{""S"":""audience:family""},{""S"":""audience:kids""},{""S"":""audience:party""},{""S"":""time:night""},{""S"":""noise:low""},{""S"":""type:colour""},{""S"":""type:sound""},{""S"":""type:sky""}]","brand-fa700591-52d8-4ef0-9e22-1b4000b6baa9","","cat-49a58658-dac3-49fa-b1c2-09577f1a8bd3","2026-07-25T12:39:09.831Z","""A pack of five multi-color single shot tubes. Shoots a high-altitude single shell that opens into a broad, beautiful five-pointed star pattern of vivid colored fire at night.\n\nPack Contains: 1 Box × 5 Pcs (Total 5 Pieces of Penta Magic distributed across 1 individual box).""","","true","false","Penta Magic","[{""S"":""best-selling""}]","200","singleaerial","1000","","","","","penta magic brand-fa700591-52d8-4ef0-9e22-1b4000b6baa9 cat-49a58658-dac3-49fa-b1c2-09577f1a8bd3 audience:friends audience:family audience:kids audience:party time:night noise:low type:colour type:sound type:sky","119",""
"prod-19849e9a-1d99-42b4-87c7-4e194bc68408","[{""S"":""audience:family""},{""S"":""audience:friends""},{""S"":""audience:party""},{""S"":""time:day""},{""S"":""noise:high""},{""S"":""type:ground""},{""S"":""type:sound""}]","brand-fa700591-52d8-4ef0-9e22-1b4000b6baa9","","cat-91d15624-a97c-44aa-9688-89dc88a78f43","2026-07-25T12:39:09.831Z","""A giant-tier traditional paper shell carrying 1 KG of dense paper packing. Ignited on open grounds during the day, it produces an earth-shaking single blast that scatters paper everywhere.\n\nPack Contains: 1 Box × 1 Pce (Total 1 Piece of Adiyal ~ 1 KG distributed across 1 individual box).""","","true","false","Adiyal ~ 1 KG","[{""S"":""new-arrivals""},{""S"":""best-selling""},{""S"":""party""}]","276","paperbomb","1000","","","","","adiyal ~ 1 kg brand-fa700591-52d8-4ef0-9e22-1b4000b6baa9 cat-91d15624-a97c-44aa-9688-89dc88a78f43 audience:family audience:friends audience:party time:day noise:high type:ground type:sound","55",""
"prod-e0bdbe0c-ae7e-4bab-af35-4aaf85a0c536","","brand-fa700591-52d8-4ef0-9e22-1b4000b6baa9","","cat-4b7df8e5-4e0a-49f8-a2dd-0f2b345d4222","2026-07-25T12:39:09.831Z","Grand absolute flagship luxury family celebration crackers assortment combo pack.\n\nPack Contains: 1 Box (combo contents are listed in combo package section of our site).","","true","true","10K FAMILY PACK ~ COMBO BOX","[{""S"":""best-selling""},{""S"":""new-arrivals""}]","10000","combobox","1000","","","","","10k family pack ~ combo box brand-fa700591-52d8-4ef0-9e22-1b4000b6baa9 cat-4b7df8e5-4e0a-49f8-a2dd-0f2b345d4222","185",""
"prod-87a1cc23-4318-4a51-af30-e8b886d01b3d","[{""S"":""audience:friends""},{""S"":""audience:family""},{""S"":""audience:kids""},{""S"":""time:day""},{""S"":""time:night""},{""S"":""noise:low""},{""S"":""type:ground""},{""S"":""type:sound""}]","brand-fa700591-52d8-4ef0-9e22-1b4000b6baa9","","cat-12bb3f07-0803-4300-9d5a-bb165bf68410","2026-07-25T12:39:09.831Z","""A mid-tier festive garland holding roughly 200 linked cracker shells. Stretches across the floor to deliver a long, continuous multi-sound explosive track.\n\nPack Contains: 1 Box × 1 Pce (Total 1 Piece of 200 Wala distributed across 1 individual box).""","","true","false","200 Wala","","141","smallgarland","1000","","","","","200 wala brand-fa700591-52d8-4ef0-9e22-1b4000b6baa9 cat-12bb3f07-0803-4300-9d5a-bb165bf68410 audience:friends audience:family audience:kids time:day time:night noise:low type:ground type:sound","81",""
"prod-e8b28ccb-fa81-4017-b2d4-4c69dfbcf907","[{""S"":""audience:friends""},{""S"":""audience:family""},{""S"":""audience:kids""},{""S"":""time:night""},{""S"":""noise:low\r\ntype:colour""},{""S"":""type:handheld""}]","brand-82fc039f-5548-4c80-a2cf-0dc50e0c4e1e","","cat-91eac5b9-27b8-4bd2-be81-e4ef8702fc63","2026-07-25T12:39:09.831Z","""A jumbo-sized 30 cm electric sparkler stick. Delivers an extra-long, safe handheld burning experience with an incredibly thick, bright silver star shower.\n\nPack Contains: 2 Box(s) × 5 Pcs (Total 10 Pieces of 30 Cm Electric Sparklers distributed across 2 individual boxes).""","","true","false","30 Cm Electric Sparklers","[{""S"":""3k-kids""},{""S"":""best-selling""},{""S"":""party""}]","128","sparkler","1000","","","","","30 cm electric sparklers brand-82fc039f-5548-4c80-a2cf-0dc50e0c4e1e cat-91eac5b9-27b8-4bd2-be81-e4ef8702fc63 audience:friends audience:family audience:kids time:night noise:low\ntype:colour type:handheld","100",""
"prod-e72786bd-0483-4648-90bb-153d7756d854","[{""S"":""audience:friends""},{""S"":""audience:family""},{""S"":""audience:kids""},{""S"":""audience:party""},{""S"":""time:night""},{""S"":""noise:low""},{""S"":""type:colour""},{""S"":""type:handheld""}]","brand-93511537-a2f5-4050-90de-965873cca8fb","","cat-0ce1f84f-e513-4fe1-af4c-52751c26f45d","2026-07-25T12:39:09.831Z","""A fun, cricket-bat shaped handheld novelty torch. Designed for evening and night celebrations, it emits a safe, multi-stage colorful fountain of sparks from its end when held up.\n\nPack Contains: 1 Box × 1 Pce (Total 1 Piece of SS Bat distributed across 1 individual box).""","","true","false","SS Bat","[{""S"":""5k-fancy""},{""S"":""10k-fancy""},{""S"":""best-selling""}]","272","novelty","1000","","","","","ss bat brand-93511537-a2f5-4050-90de-965873cca8fb cat-0ce1f84f-e513-4fe1-af4c-52751c26f45d audience:friends audience:family audience:kids audience:party time:night noise:low type:colour type:handheld","59",""
"prod-e8087915-833a-4d1d-8830-07b49866c5f0","[{""S"":""audience:friends""},{""S"":""audience:family""},{""S"":""audience:kids""},{""S"":""audience:party""},{""S"":""time:day""},{""S"":""noise:high""},{""S"":""type:high-smoke""},{""S"":""type:colour""},{""S"":""type:sound""},{""S"":""type:sky""}]","brand-fa700591-52d8-4ef0-9e22-1b4000b6baa9","","cat-c34b6eb2-4530-4031-bee0-5e55825010e7","2026-07-25T12:39:09.831Z","""A daytime specialty aerial multi-shot box. Shoots 15 shells high into the sky, bursting into thick, day-visible colored smoke clouds of green, yellow, and red.\n\nPack Contains: 1 Box × 1 Pce (Total 1 Piece of 15 Shots - Colour Smoke Sky Shots distributed across 1 individual box).""","","true","false","15 Shots - Colour Smoke Sky Shots","[{""S"":""best-selling""},{""S"":""new-arrivals""},{""S"":""party""}]","854","smokeshot","1000","","","","","15 shots - colour smoke sky shots brand-fa700591-52d8-4ef0-9e22-1b4000b6baa9 cat-c34b6eb2-4530-4031-bee0-5e55825010e7 audience:friends audience:family audience:kids audience:party time:day noise:high type:high-smoke type:colour type:sound type:sky","110",""
"prod-7d031a1d-90ef-4a17-9c13-bbb3741e8890","[{""S"":""audience:friends""},{""S"":""audience:family""},{""S"":""time:day""},{""S"":""noise:high""},{""S"":""type:ground""},{""S"":""type:sound""}]","brand-fa700591-52d8-4ef0-9e22-1b4000b6baa9","","cat-ae2c064a-67fb-4deb-bd87-fe966f05a631","2026-07-25T12:39:09.831Z","""A premium tape-mounted grand garland featuring 100 heavy 2.75-inch deluxe shells. Offers a non-stop, rapid-tempo, reasonable-noise performance ideal for large festival crowds. These crackers are machine-made with tape-sticker fuse tubes, which give a comparatively moderate, lower decibel sound than hand-made, hand-twisted wire fuse alternatives.\n\nPack Contains: 1 Pkt × 1 Pce (Total 1 Piece of 100 Deluxe (2.75"""" Shell) distributed across 1 individual packet).""","","true","false","""100 Deluxe (2.75"""" Shell - TAPE)""","[{""S"":""new-arrivals""}]","272","deluxegarland","1000","","","","","""100 deluxe (2.75"""" shell - tape) brand-fa700591-52d8-4ef0-9e22-1b4000b6baa9 cat-ae2c064a-67fb-4deb-bd87-fe966f05a631 audience:friends audience:family time:day noise:high type:ground type:sound""","25",""
"prod-99a00f8b-cdb2-4cb3-9df3-700cdb0a2945","[{""S"":""audience:friends""},{""S"":""audience:family""},{""S"":""time:night""},{""S"":""noise:high""},{""S"":""type:colour""},{""S"":""type:ground""},{""S"":""type:sound""}]","brand-fa700591-52d8-4ef0-9e22-1b4000b6baa9","","cat-27170166-7aab-4970-9e43-51cfd92d9c85","2026-07-25T12:39:09.831Z","""A dual-action hybrid fountain for the night. Once lit on the ground, it first shoots up a beautiful golden shower of fountain sparks and then finishes with a sudden, loud single blast sound.\n\nPack Contains: 1 Box × 5 Pcs (Total 5 Pieces of Ganga Jamuna(Shower+Blast) distributed across 1 individual box).""","","true","false","Ganga Jamuna(Shower+Blast)","[{""S"":""5k-fancy""}]","118","singlesound","1000","","","","","ganga jamuna(shower+blast) brand-fa700591-52d8-4ef0-9e22-1b4000b6baa9 cat-27170166-7aab-4970-9e43-51cfd92d9c85 audience:friends audience:family time:night noise:high type:colour type:ground type:sound","26",""
"prod-ac007bc7-d418-4404-a16c-e48d4e54724e","[{""S"":""audience:friends""},{""S"":""audience:family""},{""S"":""audience:kids""},{""S"":""time:night\r\nnoise:low""},{""S"":""type:colour""},{""S"":""type:ground""}]","brand-fa700591-52d8-4ef0-9e22-1b4000b6baa9","","cat-137d7460-2748-4b4d-8a24-26f78fcba6f8","2026-07-25T12:39:09.831Z","""A medium-sized ground spinner. Lit on flat ground at night, it spins smoothly for an extended duration, throwing out a wider circle of brilliant golden fire.\n\nPack Contains: 1 Box × 10 Pcs (Total 10 Pieces of Chakkar Special distributed across 1 individual box).""","","true","false","Chakkar Special","[{""S"":""3k-kids""},{""S"":""3k-family""},{""S"":""5k-family""},{""S"":""5k-fancy""},{""S"":""10k-family""},{""S"":""10k-fancy""},{""S"":""10k-thala-diwali-pack""},{""S"":""best-selling""}]","100","chakkar","1000","","","","","chakkar special brand-fa700591-52d8-4ef0-9e22-1b4000b6baa9 cat-137d7460-2748-4b4d-8a24-26f78fcba6f8 audience:friends audience:family audience:kids time:night\nnoise:low type:colour type:ground","41",""
"prod-8055a097-d9c4-4d2c-a53f-386aea6cb22a","[{""S"":""audience:friends""},{""S"":""audience:family""},{""S"":""audience:kids""},{""S"":""time:night\r\nnoise:low""},{""S"":""type:colour""},{""S"":""type:ground""}]","brand-fa700591-52d8-4ef0-9e22-1b4000b6baa9","","cat-137d7460-2748-4b4d-8a24-26f78fcba6f8","2026-07-25T12:39:09.831Z","""An advanced ground wheel. While rotating rapidly flat on the floor at night, it simultaneously shoots up a steady, vertical fountain of sparks from its center core.\n\nPack Contains: 1 Box × 5 Pcs (Total 5 Pieces of 4*4 Wheel distributed across 1 individual box).""","","true","false","4*4 Wheel","[{""S"":""3k-kids""},{""S"":""3k-family""},{""S"":""5k-family""},{""S"":""5k-fancy""},{""S"":""10k-family""},{""S"":""10k-fancy""},{""S"":""new-arrivals""},{""S"":""best-selling""}]","209","chakkar","1000","","","","","4*4 wheel brand-fa700591-52d8-4ef0-9e22-1b4000b6baa9 cat-137d7460-2748-4b4d-8a24-26f78fcba6f8 audience:friends audience:family audience:kids time:night\nnoise:low type:colour type:ground","44",""
"prod-a1f49f3b-a126-44ed-8057-a156d425ad83","[{""S"":""audience:family""},{""S"":""audience:kids""},{""S"":""time:night""},{""S"":""noise:low""},{""S"":""type:colour""},{""S"":""type:ground""}]","brand-fa700591-52d8-4ef0-9e22-1b4000b6baa9","","cat-27170166-7aab-4970-9e43-51cfd92d9c85","2026-07-25T12:39:09.831Z","""A standard, large-sized cone flower pot. Sits firmly on the ground at night and projects a beautiful, medium-height fountain of bright golden sparks.\n\nPack Contains: 1 Box × 10 Pcs (Total 10 Pieces of Flower Pots Big distributed across 1 individual box).""","","true","false","Flower Pots Big","","136","flowerpot","1000","","","","","flower pots big brand-fa700591-52d8-4ef0-9e22-1b4000b6baa9 cat-27170166-7aab-4970-9e43-51cfd92d9c85 audience:family audience:kids time:night noise:low type:colour type:ground","27",""
"prod-135a14c4-6365-4a90-a450-efd895d871d2","[{""S"":""audience:family""},{""S"":""audience:kids""},{""S"":""time:night""},{""S"":""noise:low""},{""S"":""type:colour""},{""S"":""type:sky""}]","brand-fa700591-52d8-4ef0-9e22-1b4000b6baa9","","cat-bd8acdb8-f4cc-4e20-9efb-651a8305e06e","2026-07-25T12:39:09.831Z","""A lightweight, entry-level sky rocket. Launched at night from a bottle or tube, it zooms straight up into the sky leaving a light silver spark tail behind it.\n\nPack Contains: 1 Box × 10 Pcs (Total 10 Pieces of Baby Rocket distributed across 1 individual box).""","","true","false","Baby Rocket","","72","rocket","1000","","","","","baby rocket brand-fa700591-52d8-4ef0-9e22-1b4000b6baa9 cat-bd8acdb8-f4cc-4e20-9efb-651a8305e06e audience:family audience:kids time:night noise:low type:colour type:sky","72",""
"prod-d4f51946-46a3-43a1-92c4-3085dd0762ae","[{""S"":""audience:friends""},{""S"":""audience:family""},{""S"":""audience:kids""},{""S"":""audience:party""},{""S"":""time:night""},{""S"":""noise:low""},{""S"":""type:colour""},{""S"":""type:ground""}]","brand-d330893f-0183-4d4e-a61a-e57eb58868fc","","cat-bd6836fc-0a7a-4236-9425-ff0b5dd0dd91","2026-07-25T12:39:09.831Z","""A grand 5-mouth mega fountain structured in a peacock wings shape, emitting wide, multi-color showers for a spectacular festival look.\n\nPack Contains: 1 Box × 1 Pce (Total 1 Piece of Rayal Mega Bada Peacock (15in1) distributed across 1 individual box).""","","true","false","Rayal Mega Bada Peacock (15in1)","[{""S"":""best-selling""},{""S"":""new-arrivals""},{""S"":""party""}]","773","badapeacock","1000","","","","","rayal mega bada peacock (15in1) brand-d330893f-0183-4d4e-a61a-e57eb58868fc cat-bd6836fc-0a7a-4236-9425-ff0b5dd0dd91 audience:friends audience:family audience:kids audience:party time:night noise:low type:colour type:ground","169",""
"prod-e5ae9e57-a641-4485-b4bd-b3afa3c2401d","[{""S"":""audience:family""},{""S"":""audience:kids""},{""S"":""audience:party""},{""S"":""audience:friends""},{""S"":""time:night""},{""S"":""noise:low""},{""S"":""type:colour""},{""S"":""type:sound""},{""S"":""type:sky""}]","brand-fa700591-52d8-4ef0-9e22-1b4000b6baa9","","cat-bd8acdb8-f4cc-4e20-9efb-651a8305e06e","2026-07-25T12:39:09.831Z","""A special dual-stage sky rocket. Launches at night, soaring high into the clouds where it triggers two distinct, consecutive mid-air sound blasts.\n\nPack Contains: 1 Box × 10 Pcs (Total 10 Pieces of 2 Sound Rocket distributed across 1 individual box).""","","true","false","2 Sound Rocket","[{""S"":""5k-fancy""},{""S"":""best-selling""}]","220","rocket","1000","","","","","2 sound rocket brand-fa700591-52d8-4ef0-9e22-1b4000b6baa9 cat-bd8acdb8-f4cc-4e20-9efb-651a8305e06e audience:family audience:kids audience:party audience:friends time:night noise:low type:colour type:sound type:sky","75",""
"prod-d9f6a6ba-aacb-4355-ac2f-ed702b419bf6","[{""S"":""audience:family""},{""S"":""audience:kids""},{""S"":""time:night\r\nnoise:low""},{""S"":""type:colour""},{""S"":""type:ground""}]","brand-fa700591-52d8-4ef0-9e22-1b4000b6baa9","","cat-137d7460-2748-4b4d-8a24-26f78fcba6f8","2026-07-25T12:39:09.831Z","An economy bulk pack of classic small ground spinning wheels. Spins at high speeds on flat floors at night to paint bright golden rings.\n\nPack Contains: 1 Box × 25 Pcs (Total 25 Pieces of Chakkar Big 25in1 distributed across 1 individual box).","","true","false","Chakkar Big 25in1","[{""S"":""3k-kids""},{""S"":""3k-family""},{""S"":""5k-family""},{""S"":""5k-fancy""}]","128","chakkar","1000","","","","","chakkar big 25in1 brand-fa700591-52d8-4ef0-9e22-1b4000b6baa9 cat-137d7460-2748-4b4d-8a24-26f78fcba6f8 audience:family audience:kids time:night\nnoise:low type:colour type:ground","40",""
"prod-566dadb9-1829-4a83-bdac-42dc803eb3f3","[{""S"":""audience:friends""},{""S"":""audience:family""},{""S"":""audience:party""},{""S"":""time:night""},{""S"":""noise:high""},{""S"":""type:colour""},{""S"":""type:sound""},{""S"":""type:sky""}]","brand-502f2162-c9fb-4b02-8a94-f5e08777f22c","","cat-9429d284-d038-4b28-b5af-b64caa932f10","2026-07-25T12:39:09.831Z","""A heavy-duty multi-stage single tube. Once lit on the ground at night, it unloads a continuous, ascending vertical chain of 7 multi-color fancy star bursts in a row.\n\nPack Contains: 1 Box × 1 Pce (Total 1 Piece of 3.5"""" COMET 7 Step distributed across 1 individual box).""","","true","false","""3.5"""" COMET 7 Step""","[{""S"":""10k-fancy""},{""S"":""best-selling""},{""S"":""new-arrivals""},{""S"":""party""}]","727","multiaerial","1000","","","","","""3.5"""" comet 7 step brand-502f2162-c9fb-4b02-8a94-f5e08777f22c cat-9429d284-d038-4b28-b5af-b64caa932f10 audience:friends audience:family audience:party time:night noise:high type:colour type:sound type:sky""","130",""
"prod-fa84167b-1e94-4185-89b2-75b70d40864c","[{""S"":""audience:friends""},{""S"":""audience:family""},{""S"":""time:day""},{""S"":""noise:high""},{""S"":""type:ground""},{""S"":""type:sound""}]","brand-fa700591-52d8-4ef0-9e22-1b4000b6baa9","","cat-b4f715eb-cbdb-44e8-a300-a688ad364cad","2026-07-25T12:39:09.831Z","""A long tape-bound garland loaded with 56 medium-sized giant bijili units. Delivers a prolonged, high-tempo barrage of firework pops across the floor. These crackers are machine-made with tape-sticker fuse tubes, which give a comparatively moderate, lower decibel sound than hand-made, hand-twisted wire fuse alternatives.\n\nPack Contains: 10 Pkts × 1 Pce (Total 10 Pieces of 56 Giant distributed across 10 individual packets).""","","true","false","56 Giant (TAPE)","[{""S"":""new-arrivals""}]","672","smallgarland","1000","","","","","56 giant (tape) brand-fa700591-52d8-4ef0-9e22-1b4000b6baa9 cat-b4f715eb-cbdb-44e8-a300-a688ad364cad audience:friends audience:family time:day noise:high type:ground type:sound","19",""
"prod-371f5b18-c7c8-4eaf-a907-363d238276bc","[{""S"":""audience:friends""},{""S"":""audience:family""},{""S"":""audience:kids""},{""S"":""time:night\r\nnoise:low""},{""S"":""type:colour""},{""S"":""type:ground""}]","brand-fa700591-52d8-4ef0-9e22-1b4000b6baa9","","cat-137d7460-2748-4b4d-8a24-26f78fcba6f8","2026-07-25T12:39:09.831Z","""A large, heavy ground chakkar. Delivers a highly dramatic nighttime performance on flat floors, forming a wide, roaring ring of silver and gold sparks.\n\nPack Contains: 1 Box × 10 Pcs (Total 10 Pieces of Chakkar Deluxe distributed across 1 individual box).""","","true","false","Chakkar Deluxe","[{""S"":""5k-family""},{""S"":""5k-fancy""},{""S"":""10k-family""},{""S"":""10k-thala-diwali-pack""},{""S"":""best-selling""}]","190","chakkar","1000","","","","","chakkar deluxe brand-fa700591-52d8-4ef0-9e22-1b4000b6baa9 cat-137d7460-2748-4b4d-8a24-26f78fcba6f8 audience:friends audience:family audience:kids time:night\nnoise:low type:colour type:ground","42",""
"prod-ecc2e041-acb4-46cd-92bb-850b4242c4b5","[{""S"":""audience:friends""},{""S"":""audience:family""},{""S"":""audience:kids""},{""S"":""time:night""},{""S"":""noise:low""},{""S"":""type:colour""},{""S"":""type:ground""}]","brand-fa700591-52d8-4ef0-9e22-1b4000b6baa9","","cat-239204a6-57c7-4bdb-aca4-b9b252fba147","2026-07-25T12:39:09.831Z","A dynamic strobe-fountain variant. Projects a rapidly pulsating field of red/green/red&green/gold and silver flashing stars that resembles an active disco floor.\n\nPack Contains: 1 Box × 5 Pcs (Total 5 Pieces of Disco Shower distributed across 1 individual box).","","true","false","Disco Shower","[{""S"":""3k-kids""},{""S"":""3k-family""},{""S"":""5k-family""},{""S"":""best-selling""}]","182","mediumfountain","1000","","","","","disco shower brand-fa700591-52d8-4ef0-9e22-1b4000b6baa9 cat-239204a6-57c7-4bdb-aca4-b9b252fba147 audience:friends audience:family audience:kids time:night noise:low type:colour type:ground","154",""
"prod-fe9b3295-f346-4e91-8952-3620cfeac86d","[{""S"":""audience:friends""},{""S"":""audience:family""},{""S"":""audience:kids""},{""S"":""time:day""},{""S"":""noise:low""},{""S"":""type:ground""},{""S"":""type:sound""}]","brand-fa700591-52d8-4ef0-9e22-1b4000b6baa9","","cat-b4f715eb-cbdb-44e8-a300-a688ad364cad","2026-07-25T12:39:09.831Z","""A string of 28 small bijili crackers mounted on a flexible tape fuse layout. Easily lays flat on the ground to deliver quick, snappy crackling sounds during day or night celebrations. These crackers are machine-made with tape-sticker fuse tubes, which give a comparatively moderate, lower decibel sound than hand-made, hand-twisted wire fuse alternatives.\n\nPack Contains: 10 Pkts × 1 Pce (Total 10 Pieces of 28 Chorsa distributed across 10 individual packets).""","","true","false","28 Chorsa (TAPE)","[{""S"":""new-arrivals""}]","218","smallgarland","1000","","","","","28 chorsa (tape) brand-fa700591-52d8-4ef0-9e22-1b4000b6baa9 cat-b4f715eb-cbdb-44e8-a300-a688ad364cad audience:friends audience:family audience:kids time:day noise:low type:ground type:sound","17",""
"prod-1d549c1c-2f40-40c2-9dd0-76346607a0b2","[{""S"":""audience:family""},{""S"":""audience:kids""},{""S"":""time:night""},{""S"":""noise:low""},{""S"":""type:colour""},{""S"":""type:sound""},{""S"":""type:sky""}]","brand-fa700591-52d8-4ef0-9e22-1b4000b6baa9","","cat-bd8acdb8-f4cc-4e20-9efb-651a8305e06e","2026-07-25T12:39:09.831Z","""A large, high-velocity sky rocket. Shoots vertically up into the night sky, throwing out a thick, brilliant yellow fire tail before bursting high above.\n\nPack Contains: 1 Box × 10 Pcs (Total 10 Pieces of Lunik Sound Rocket distributed across 1 individual box).""","","true","false","Lunik Sound Rocket","","200","rocket","1000","","","","","lunik sound rocket brand-fa700591-52d8-4ef0-9e22-1b4000b6baa9 cat-bd8acdb8-f4cc-4e20-9efb-651a8305e06e audience:family audience:kids time:night noise:low type:colour type:sound type:sky","74",""
"prod-a5962abd-369f-467a-948d-2ce813a4760e","[{""S"":""audience:friends""},{""S"":""audience:family""},{""S"":""audience:kids""},{""S"":""time:night""},{""S"":""noise:low\r\ntype:colour""},{""S"":""type:handheld""}]","brand-82fc039f-5548-4c80-a2cf-0dc50e0c4e1e","","cat-91eac5b9-27b8-4bd2-be81-e4ef8702fc63","2026-07-25T12:39:09.831Z","A luxury 15 cm sparkler producing a unique 'silver drops' effect. Handheld device that looks like falling liquid silver stars dropping down gently during the night.\n\nPack Contains: 5 Box(s) × 10 Pcs (Total 50 Pieces of 15 Cm Silver Drops Sparklers distributed across 5 individual boxes).","","true","false","15 Cm Silver Drops Sparklers","[{""S"":""new-arrivals""},{""S"":""best-selling""}]","472","sparkler","1000","","","","","15 cm silver drops sparklers brand-82fc039f-5548-4c80-a2cf-0dc50e0c4e1e cat-91eac5b9-27b8-4bd2-be81-e4ef8702fc63 audience:friends audience:family audience:kids time:night noise:low\ntype:colour type:handheld","99",""
"prod-7d4155c4-6321-4fd5-aee0-8013277ffea5","[{""S"":""audience:friends""},{""S"":""audience:family""},{""S"":""audience:party""},{""S"":""time:day""},{""S"":""noise:high""},{""S"":""type:ground""},{""S"":""type:sound""}]","brand-ab02688c-c42d-48b5-a24e-2ac59d21a513","","cat-dd0580e5-695a-40ed-9daa-9840ff663e49","2026-07-25T12:39:09.831Z","""Premium 4-inch Lakshmi bomb made with 12 heavy paper layers. Designed for daytime festivals, it delivers a powerful, thunderous single ground bang.\n\nPack Contains: 10 Pkts × 5 Pcs (Total 50 Pieces of 4"""" Super Deluxe Lakshmi distributed across 10 individual packets).""","","true","false","""4"""" Super Deluxe Lakshmi""","[{""S"":""best-selling""},{""S"":""new-arrivals""}]","518","singlesound","1000","","","","","""4"""" super deluxe lakshmi brand-ab02688c-c42d-48b5-a24e-2ac59d21a513 cat-dd0580e5-695a-40ed-9daa-9840ff663e49 audience:friends audience:family audience:party time:day noise:high type:ground type:sound""","5",""
"prod-56b2fd18-72dd-4074-874a-a9929bf1c953","[{""S"":""audience:friends""},{""S"":""audience:family""},{""S"":""audience:kids""},{""S"":""audience:party""},{""S"":""time:night""},{""S"":""noise:low""},{""S"":""type:sound""},{""S"":""type:colour""},{""S"":""type:ground""}]","brand-350474fd-cedc-4675-bb39-786b08e7577e","","cat-bd6836fc-0a7a-4236-9425-ff0b5dd0dd91","2026-07-25T12:39:09.831Z","""A 3-mouth mega fountain designed in a peacock wing shape, showering colors with a unique integrated siren sound effect.\n\nPack Contains: 1 Box × 1 Pce (Total 1 Piece of Melody Mega Peacock distributed across 1 individual box).""","","true","false","Melody Mega Peacock","[{""S"":""best-selling""},{""S"":""new-arrivals""},{""S"":""party""}]","773","badapeacock","1000","","","","","melody mega peacock brand-350474fd-cedc-4675-bb39-786b08e7577e cat-bd6836fc-0a7a-4236-9425-ff0b5dd0dd91 audience:friends audience:family audience:kids audience:party time:night noise:low type:sound type:colour type:ground","170",""
"prod-02c4f166-cda5-4037-8cd5-9e63ecb5dee5","[{""S"":""audience:friends""},{""S"":""audience:family""},{""S"":""time:day""},{""S"":""noise:low""},{""S"":""type:high-smoke""},{""S"":""type:colour""},{""S"":""type:handheld""}]","brand-fa700591-52d8-4ef0-9e22-1b4000b6baa9","","cat-b439f310-800e-4b05-a01b-80b67c4d90a6","2026-07-25T12:39:09.831Z","""Compact matchstick-style daytime smoke units. Ignites easily on the ground or handheld to release soft, beautiful colored smoke screens.\n\nPack Contains: 1 Box × 3 Pcs (Total 3 Pieces of Color Smoke Stick distributed across 1 individual box).""","","true","false","Color Smoke Stick","[{""S"":""3k-kids""},{""S"":""3k-family""},{""S"":""5k-fancy""},{""S"":""10k-family""},{""S"":""10k-fancy""}]","36","smoke","1000","","","","","color smoke stick brand-fa700591-52d8-4ef0-9e22-1b4000b6baa9 cat-b439f310-800e-4b05-a01b-80b67c4d90a6 audience:friends audience:family time:day noise:low type:high-smoke type:colour type:handheld","66",""
"prod-ff9465c0-be20-46d3-b2fe-7c76b8d5f572","[{""S"":""audience:friends""},{""S"":""audience:family""},{""S"":""time:day""},{""S"":""noise:high""},{""S"":""type:sound""},{""S"":""type:sky""}]","brand-fa700591-52d8-4ef0-9e22-1b4000b6baa9","","cat-1a49928d-0ab7-4fbc-8fe8-758b63153d19","2026-07-25T12:39:09.831Z","""An advanced 4-inch ground cracker built to fire in a sequence. Once lit during the day, it sets off three fast, consecutive loud blasts.\n\nPack Contains: 10 Pkts × 5 Pcs (Total 50 Pieces of 3 Sound Crackers distributed across 10 individual packets).""","","true","false","3 Sound Crackers","[{""S"":""best-selling""},{""S"":""new-arrivals""}]","654","multisound","1000","","","","","3 sound crackers brand-fa700591-52d8-4ef0-9e22-1b4000b6baa9 cat-1a49928d-0ab7-4fbc-8fe8-758b63153d19 audience:friends audience:family time:day noise:high type:sound type:sky","10",""
"prod-7a3579b8-acb9-4304-81d8-e4076966e040","[{""S"":""audience:friends""},{""S"":""audience:family""},{""S"":""audience:kids""},{""S"":""audience:party""},{""S"":""time:night""},{""S"":""noise:high""},{""S"":""type:colour""},{""S"":""type:ground""}]","brand-d330893f-0183-4d4e-a61a-e57eb58868fc","","cat-eb4f1e7a-b3cd-424d-9118-ae8b0e5f9c78","2026-07-25T12:39:09.831Z","A high performance crackling fountain box. Projects a dense core of golden sparks wrapped completely in thousands of loud snapping noise snaps.\n\nPack Contains: 1 Box × 1 Pce (Total 1 Piece of Star Show ~ Crackling Fountain distributed across 1 individual box).","","true","false","Star Show ~ Crackling Fountain","[{""S"":""3k-kids""},{""S"":""5k-fancy""},{""S"":""10k-family""},{""S"":""10k-fancy""},{""S"":""10k-thala-diwali-pack""},{""S"":""best-selling""},{""S"":""new-arrivals""},{""S"":""party""}]","280","cracklingfountain","1000","","","","","star show ~ crackling fountain brand-d330893f-0183-4d4e-a61a-e57eb58868fc cat-eb4f1e7a-b3cd-424d-9118-ae8b0e5f9c78 audience:friends audience:family audience:kids audience:party time:night noise:high type:colour type:ground","159",""
"prod-7f78c419-0536-4273-bf52-363522c0230f","[{""S"":""audience:friends""},{""S"":""audience:family""},{""S"":""time:night""},{""S"":""noise:low\r\ntype:colour""},{""S"":""type:handheld\r\ntype:high-smoke""}]","brand-82fc039f-5548-4c80-a2cf-0dc50e0c4e1e","","cat-91eac5b9-27b8-4bd2-be81-e4ef8702fc63","2026-07-25T12:39:09.831Z","""A jumbo 30 cm green color sparkler. Projects a massive, long-lasting emerald fire fountain from a highly secure, safe distance away from the hand.\n\nPack Contains: 2 Box(s) × 5 Pcs (Total 10 Pieces of 30 Cm Green Sparklers distributed across 2 individual boxes).""","","true","false","30 Cm Green Sparklers","[{""S"":""3k-family""},{""S"":""5k-fancy""},{""S"":""10k-family""},{""S"":""best-selling""},{""S"":""party""}]","154","sparkler","1000","","","","","30 cm green sparklers brand-82fc039f-5548-4c80-a2cf-0dc50e0c4e1e cat-91eac5b9-27b8-4bd2-be81-e4ef8702fc63 audience:friends audience:family time:night noise:low\ntype:colour type:handheld\ntype:high-smoke","102",""
"prod-fee65403-9f61-451f-967e-303a4930df64","[{""S"":""audience:family""},{""S"":""audience:kids""},{""S"":""time:night""},{""S"":""noise:low""},{""S"":""type:colour""},{""S"":""type:handheld""}]","brand-fa700591-52d8-4ef0-9e22-1b4000b6baa9","","cat-0ce1f84f-e513-4fe1-af4c-52751c26f45d","2026-07-25T12:39:09.831Z","""A 1.5-foot long handheld stick firework. Best used at night, it burns smoothly downwards while casting bright, rhythmic twinkling white stars safely from your hand.\n\nPack Contains: 1 Box × 10 Pcs (Total 10 Pieces of 1.5' Twinkling Star distributed across 1 individual box).""","","true","false","1.5' Twinkling Star","[{""S"":""3k-family""},{""S"":""5k-family""},{""S"":""10k-family""}]","36","novelty","1000","","","","","1.5' twinkling star brand-fa700591-52d8-4ef0-9e22-1b4000b6baa9 cat-0ce1f84f-e513-4fe1-af4c-52751c26f45d audience:family audience:kids time:night noise:low type:colour type:handheld","57",""
"prod-6b86074a-0a77-46ce-bb99-6d6827f7c24e","[{""S"":""audience:friends""},{""S"":""audience:family""},{""S"":""audience:party""},{""S"":""time:day""},{""S"":""noise:high""},{""S"":""type:ground""},{""S"":""type:sound""}]","brand-ab02688c-c42d-48b5-a24e-2ac59d21a513","","cat-ebd03d37-90ef-4079-b8ce-58fa44965c9c","2026-07-25T12:39:09.831Z","""A massive 100-piece string of heavy 2.75-inch explosive deluxe shells with a strong wire fuse. Creates a majestic, long-lasting, ground-shaking sound display for grand occasions. These crackers are hand-made with hand-twisted wire fuse tubes, giving them a tighter, more sealed ignition point that produces a comparatively higher decibel sound than machine-made tape fuse alternatives.\n\nPack Contains: 1 Pkt × 1 Pce (Total 1 Piece of 100 Deluxe (2.75"""" Shell) distributed across 1 individual packet).""","","true","false","""100 Deluxe (2.75"""" Shell)""","[{""S"":""10k-family""},{""S"":""10k-thala-diwali-pack""},{""S"":""new-arrivals""},{""S"":""best-selling""},{""S"":""party""}]","382","deluxegarland","1000","","","","","""100 deluxe (2.75"""" shell) brand-ab02688c-c42d-48b5-a24e-2ac59d21a513 cat-ebd03d37-90ef-4079-b8ce-58fa44965c9c audience:friends audience:family audience:party time:day noise:high type:ground type:sound""","22",""
"prod-72ca9953-d32d-4f06-9256-4b3f3d75ba6d","[{""S"":""audience:friends""},{""S"":""audience:family""},{""S"":""audience:party""},{""S"":""time:night""},{""S"":""noise:high""},{""S"":""type:colour""},{""S"":""type:sound""},{""S"":""type:sky""}]","brand-87ee4c0f-d50d-43aa-8db7-dc89120a4bbc","","cat-49a58658-dac3-49fa-b1c2-09577f1a8bd3","2026-07-25T12:39:09.831Z","""A large 2-inch professional-caliber single shot display pipe. Shoots a heavy shell that commands the night sky with a gigantic, loud multi-color star break.\n\nPack Contains: 1 Box × 1 Pce (Total 1 Piece of 2"""" COMET Shell (MultiFlavour Colors) distributed across 1 individual box).""","","true","false","""2"""" COMET Shell (MultiFlavour Colors)""","[{""S"":""5k-fancy""},{""S"":""10k-fancy""},{""S"":""best-selling""},{""S"":""party""}]","182","singleaerial","1000","","","","","""2"""" comet shell (multiflavour colors) brand-87ee4c0f-d50d-43aa-8db7-dc89120a4bbc cat-49a58658-dac3-49fa-b1c2-09577f1a8bd3 audience:friends audience:family audience:party time:night noise:high type:colour type:sound type:sky""","122",""
"prod-9d4ae985-fff2-43df-9cd9-2c07f63d1173","","brand-fa700591-52d8-4ef0-9e22-1b4000b6baa9","","cat-4b7df8e5-4e0a-49f8-a2dd-0f2b345d4222","2026-07-25T12:39:09.831Z","Premium curated kids-friendly festive firecracker combo assortment box.\n\nPack Contains: 1 Box (combo contents are listed in combo package section of our site).","","true","true","3K KIDS ~ COMBO BOX","[{""S"":""best-selling""},{""S"":""new-arrivals""}]","3000","combobox","1000","","","","","3k kids ~ combo box brand-fa700591-52d8-4ef0-9e22-1b4000b6baa9 cat-4b7df8e5-4e0a-49f8-a2dd-0f2b345d4222","182",""
"prod-18470698-64cd-4684-8930-6c5f8f3f2e8d","[{""S"":""audience:friends""},{""S"":""audience:family""},{""S"":""audience:party""},{""S"":""time:night""},{""S"":""noise:high""},{""S"":""type:colour""},{""S"":""type:sound""},{""S"":""type:sky""}]","brand-aa6525c7-020c-40a3-9184-2554c2d8ce61","","cat-9429d284-d038-4b28-b5af-b64caa932f10","2026-07-25T12:39:09.831Z","A fully synchronized 50-shot matrix box. Projects a perfectly paced grid of 50 multi-color comet tails and loud crackling star breaks into the night sky.\n\nPack Contains: 1 Box × 1 Pce (Total 1 Piece of 50 Shots (5*10 ~ Setout) distributed across 1 individual box).","","true","false","50 Shots (5*10 ~ Setout)","[{""S"":""best-selling""},{""S"":""new-arrivals""},{""S"":""party""}]","3455","setout","1000","","","","","50 shots (5*10 ~ setout) brand-aa6525c7-020c-40a3-9184-2554c2d8ce61 cat-9429d284-d038-4b28-b5af-b64caa932f10 audience:friends audience:family audience:party time:night noise:high type:colour type:sound type:sky","133",""
"prod-7ec59b79-c57d-40a9-b404-c586795a8475","[{""S"":""audience:friends""},{""S"":""audience:family""},{""S"":""audience:party""},{""S"":""time:night""},{""S"":""noise:high""},{""S"":""type:colour""},{""S"":""type:sound""},{""S"":""type:sky""}]","brand-4634bbd4-01b9-4710-bce6-24ba94ef3a06","","cat-c34b6eb2-4530-4031-bee0-5e55825010e7","2026-07-25T12:39:09.831Z","""A flagship 500-shot high-speed rapid-fire aerial battery. Creates a grand finale effect at night, throwing up hundreds of multi-color shells simultaneously for a panoramic display.\n\nPack Contains: 1 Box × 1 Pce (Total 1 Piece of 500 Shots Mulitcolor (SPEED) Sky Shots distributed across 1 individual box).""","","true","false","500 Shots Mulitcolor (SPEED) Sky Shots","[{""S"":""best-selling""},{""S"":""new-arrivals""},{""S"":""party""}]","13000","multishot","1000","","","","","500 shots mulitcolor (speed) sky shots brand-4634bbd4-01b9-4710-bce6-24ba94ef3a06 cat-c34b6eb2-4530-4031-bee0-5e55825010e7 audience:friends audience:family audience:party time:night noise:high type:colour type:sound type:sky","117",""
"prod-650d8327-6922-4797-b02d-08b36f25828d","[{""S"":""audience:friends""},{""S"":""audience:family""},{""S"":""audience:kids""},{""S"":""audience:party""},{""S"":""time:night""},{""S"":""noise:low""},{""S"":""type:colour""},{""S"":""type:sound""},{""S"":""type:sky""}]","brand-fa700591-52d8-4ef0-9e22-1b4000b6baa9","","cat-49a58658-dac3-49fa-b1c2-09577f1a8bd3","2026-07-25T12:39:09.831Z","A pack of five single-tube launchers. Each tube launches a single shot that splits into a beautiful 7-step multi-color fancy aerial star pattern at night.\n\nPack Contains: 1 Box × 5 Pcs (Total 5 Pieces of 7 Shots distributed across 1 individual box).","","true","false","7 Shots","[{""S"":""3k-kids""},{""S"":""3k-family""},{""S"":""5k-family""},{""S"":""5k-fancy""}]","136","singleaerial","1000","","","","","7 shots brand-fa700591-52d8-4ef0-9e22-1b4000b6baa9 cat-49a58658-dac3-49fa-b1c2-09577f1a8bd3 audience:friends audience:family audience:kids audience:party time:night noise:low type:colour type:sound type:sky","118",""
"prod-7d0f5204-89e5-41d9-af6f-8611aef5b79b","[{""S"":""audience:friends""},{""S"":""audience:family""},{""S"":""time:night""},{""S"":""time:day""},{""S"":""noise:low""},{""S"":""type:colour""},{""S"":""type:ground""},{""S"":""type:high-smoke""}]","brand-fa700591-52d8-4ef0-9e22-1b4000b6baa9","","cat-c793fc09-3dd2-439f-8024-46d03fb2570f","2026-07-25T12:39:09.831Z","""A bulk bundle pack containing medium-sized snake tablets. Sits on the ground during the day, burning steadily to grow fun ash coils safely without noise.\n\nPack Contains: 1 Box × 10 Bdl (Total 10 Pieces of Serpent Big distributed across 1 individual box).""","","true","false","Serpent Big","[{""S"":""best-selling""}]","454","kidspecial","1000","","","","","serpent big brand-fa700591-52d8-4ef0-9e22-1b4000b6baa9 cat-c793fc09-3dd2-439f-8024-46d03fb2570f audience:friends audience:family time:night time:day noise:low type:colour type:ground type:high-smoke","141",""
"prod-44edb41a-a617-4cb5-9fa7-39896cde9948","[{""S"":""audience:friends""},{""S"":""audience:family""},{""S"":""audience:kids""},{""S"":""time:night""},{""S"":""noise:low""},{""S"":""type:colour""},{""S"":""type:ground""}]","brand-93511537-a2f5-4050-90de-965873cca8fb","","cat-eb4f1e7a-b3cd-424d-9118-ae8b0e5f9c78","2026-07-25T12:39:09.831Z","""A massive 6-inch professional metal tin fountain. Shoots an incredibly loud, roaring column of silver fire stars high into the yard trees.\n\nPack Contains: 1 Box × 1 Pce (Total 1 Piece of 6"""" TIN Fountain distributed across 1 individual box).""","","true","false","""6"""" TIN Fountain""","[{""S"":""5k-fancy""},{""S"":""10k-family""},{""S"":""10k-fancy""}]","264","cracklingfountain","1000","","","","","""6"""" tin fountain brand-93511537-a2f5-4050-90de-965873cca8fb cat-eb4f1e7a-b3cd-424d-9118-ae8b0e5f9c78 audience:friends audience:family audience:kids time:night noise:low type:colour type:ground""","157",""
"prod-26170c0b-3458-40c7-84d5-f51442648b84","[{""S"":""audience:friends""},{""S"":""audience:family""},{""S"":""audience:kids""},{""S"":""audience:party""},{""S"":""time:night""},{""S"":""noise:high""},{""S"":""type:colour""},{""S"":""type:ground""},{""S"":""type:sound""}]","brand-fa700591-52d8-4ef0-9e22-1b4000b6baa9","","cat-e88bc9be-b972-4e07-b681-3b349b8bc246","2026-07-25T12:39:09.831Z","An advanced sound-shifting fountain. Shoots up a lovely 3-foot golden fire shower while generating a dynamic sirens whistling sound loop.\n\nPack Contains: 1 Box × 3 Pcs (Total 3 Pieces of Mega Musical Siren distributed across 1 individual box).","","true","false","Mega Musical Siren","[{""S"":""5k-fancy""},{""S"":""10k-fancy""},{""S"":""10k-thala-diwali-pack""},{""S"":""best-selling""},{""S"":""party""}]","272","siren","1000","","","","","mega musical siren brand-fa700591-52d8-4ef0-9e22-1b4000b6baa9 cat-e88bc9be-b972-4e07-b681-3b349b8bc246 audience:friends audience:family audience:kids audience:party time:night noise:high type:colour type:ground type:sound","148",""
"prod-75264759-2a55-40a4-a1d5-9e8a72b3fee7","[{""S"":""audience:family""},{""S"":""audience:kids""},{""S"":""time:day""},{""S"":""time:night""},{""S"":""noise:low""},{""S"":""type:sound""},{""S"":""type:handheld""}]","brand-ed977bee-393e-426b-9ee0-f96b11ef9c59","","cat-357f91e1-2966-4208-a623-7111cd886a6f","2026-07-25T12:39:09.831Z","""A stylish plastic toy ring-cap gun. Uses safe plastic ring caps to produce fun, snappy popping sounds and tiny sparks during day or night play.\n\nPack Contains: 1 Box × 1 Pce (Total 1 Piece of Men In Black Gun distributed across 1 individual box).""","","true","false","Men In Black Gun","[{""S"":""3k-family""},{""S"":""best-selling""},{""S"":""new-arrivals""}]","209","ringcapgun","1000","","","","","men in black gun brand-ed977bee-393e-426b-9ee0-f96b11ef9c59 cat-357f91e1-2966-4208-a623-7111cd886a6f audience:family audience:kids time:day time:night noise:low type:sound type:handheld","67",""
"prod-0625f61e-b125-44b9-9b0b-c2f95d637968","[{""S"":""audience:family""},{""S"":""audience:kids""},{""S"":""time:night""},{""S"":""noise:low""},{""S"":""type:colour""},{""S"":""type:ground""}]","brand-fa700591-52d8-4ef0-9e22-1b4000b6baa9","","cat-27170166-7aab-4970-9e43-51cfd92d9c85","2026-07-25T12:39:09.831Z","""The timeless and highly popular Asoka flower pot. It sits on the ground and releases a long-lasting fountain of thick golden micro-sparks, perfect for family night photos.\n\nPack Contains: 1 Box × 10 Pcs (Total 10 Pieces of Flower Pots Asoka distributed across 1 individual box).""","","true","false","Flower Pots Asoka","[{""S"":""3k-kids""},{""S"":""3k-family""},{""S"":""5k-family""},{""S"":""5k-fancy""},{""S"":""10k-family""},{""S"":""10k-fancy""},{""S"":""best-selling""}]","228","flowerpot","1000","","","","","flower pots asoka brand-fa700591-52d8-4ef0-9e22-1b4000b6baa9 cat-27170166-7aab-4970-9e43-51cfd92d9c85 audience:family audience:kids time:night noise:low type:colour type:ground","30",""
"prod-cd4cfb45-046d-4e5a-847d-3becf4b49e76","[{""S"":""audience:friends""},{""S"":""audience:family""},{""S"":""audience:kids""},{""S"":""time:night\r\nnoise:low""},{""S"":""type:colour""},{""S"":""type:ground""}]","brand-d330893f-0183-4d4e-a61a-e57eb58868fc","","cat-27170166-7aab-4970-9e43-51cfd92d9c85","2026-07-25T12:39:09.831Z","""An advanced 5-step interconnected fountain. It runs at night on the ground, delivering five beautifully timed transitions of changing colorful hues and sparks.\n\nPack Contains: 1 Box × 5 Pcs (Total 5 Pieces of Tricolour Fountain ~ 5in1 distributed across 1 individual box).""","","true","false","Tricolour Fountain ~ 5in1","[{""S"":""10k-fancy""},{""S"":""best-selling""},{""S"":""new-arrivals""},{""S"":""party""}]","436","flowerpot","1000","","","","","tricolour fountain ~ 5in1 brand-d330893f-0183-4d4e-a61a-e57eb58868fc cat-27170166-7aab-4970-9e43-51cfd92d9c85 audience:friends audience:family audience:kids time:night\nnoise:low type:colour type:ground","36",""
"prod-1e544b40-2305-48f8-bf8b-2bb9ee443010","[{""S"":""audience:friends""},{""S"":""audience:family""},{""S"":""audience:party""},{""S"":""time:day""},{""S"":""noise:high""},{""S"":""type:ground""},{""S"":""type:sound""}]","brand-ab02688c-c42d-48b5-a24e-2ac59d21a513","","cat-dd0580e5-695a-40ed-9daa-9840ff663e49","2026-07-25T12:39:09.831Z","""A large 5-inch Mega Lakshmi bomb wrapped with 20 heavy paper sheets. Made for deep daytime noise, it sets off an extra-powerful single ground blast.\n\nPack Contains: 5 Pkts × 5 Pcs (Total 25 Pieces of 5"""" Mega Lakshmi distributed across 5 individual packets).""","","true","false","""5"""" Mega Lakshmi""","[{""S"":""10k-family""},{""S"":""best-selling""},{""S"":""party""}]","425","singlesound","1000","","","","","""5"""" mega lakshmi brand-ab02688c-c42d-48b5-a24e-2ac59d21a513 cat-dd0580e5-695a-40ed-9daa-9840ff663e49 audience:friends audience:family audience:party time:day noise:high type:ground type:sound""","7",""
"prod-7363257d-cc4e-432a-9dc3-470d8a2b5bd6","[{""S"":""audience:family""},{""S"":""audience:kids""},{""S"":""audience:friends""},{""S"":""audience:party""},{""S"":""time:day""},{""S"":""time:night""},{""S"":""noise:low""},{""S"":""type:colour""},{""S"":""type:handheld""}]","brand-2fbbaac1-c8a3-41a6-8e1b-0c63d30dfadc","","cat-1300aba7-85e1-4d05-8d04-d7c57c722ef7","2026-07-25T12:39:09.831Z","""A special 'Laptop Model' edition containing 10 boxes of 10 large-sized color match sticks each, offering variety and long-lasting fun.\n\nPack Contains: 10 Boxes × 10 Match Sticks (Total 100 Match Sticks).""","","true","false","Rayal Jumbo ~ 10in1 (Laptop Model)","[{""S"":""best-selling""},{""S"":""new-arrivals""}]","363","largematch","1000","","","","","rayal jumbo ~ 10in1 (laptop model) brand-2fbbaac1-c8a3-41a6-8e1b-0c63d30dfadc cat-1300aba7-85e1-4d05-8d04-d7c57c722ef7 audience:family audience:kids audience:friends audience:party time:day time:night noise:low type:colour type:handheld","176",""
"prod-1feb7a05-2deb-4762-b2aa-ed6f9a23abc6","[{""S"":""audience:friends""},{""S"":""audience:family""},{""S"":""audience:party""},{""S"":""time:night""},{""S"":""noise:high""},{""S"":""type:colour""},{""S"":""type:sound""},{""S"":""type:sky""}]","brand-502f2162-c9fb-4b02-8a94-f5e08777f22c","","cat-9429d284-d038-4b28-b5af-b64caa932f10","2026-07-25T12:39:09.831Z","""A grand stadium-style 100-shot matrix box. Unleashes a rapid, multi-directional wall of 100 multi-color shooting stars and loud thunder cracks at night.\n\nPack Contains: 1 Box × 1 Pce (Total 1 Piece of IPL Winner (10*10 ~ Setout) distributed across 1 individual box).""","","true","false","IPL Winner (10*10 ~ Setout)","[{""S"":""best-selling""},{""S"":""new-arrivals""},{""S"":""party""}]","6819","setout","1000","","","","","ipl winner (10*10 ~ setout) brand-502f2162-c9fb-4b02-8a94-f5e08777f22c cat-9429d284-d038-4b28-b5af-b64caa932f10 audience:friends audience:family audience:party time:night noise:high type:colour type:sound type:sky","134",""
"prod-1efc3ae2-ce0c-433a-9043-b3b80745e3c3","[{""S"":""audience:family""},{""S"":""audience:kids""},{""S"":""time:day""},{""S"":""time:night""},{""S"":""noise:low""},{""S"":""type:sound""},{""S"":""type:handheld""}]","brand-2bd085ce-4096-4321-ac67-d323bdefb389","","cat-357f91e1-2966-4208-a623-7111cd886a6f","2026-07-25T12:39:09.831Z","""Circular plastic ring cap refills. Compatible with all ring-cap toy guns, providing immediate loud, localized snapping sounds.\n\nPack Contains: 1 Pkt × 1 Pkt (Total 1 Packet of Ring Caps distributed across 1 individual packet).""","","true","false","Ring Caps","","18","ringcap","1000","","","","","ring caps brand-2bd085ce-4096-4321-ac67-d323bdefb389 cat-357f91e1-2966-4208-a623-7111cd886a6f audience:family audience:kids time:day time:night noise:low type:sound type:handheld","70",""
"prod-c06ae734-16c6-408f-9c9a-1d22c259494a","[{""S"":""audience:friends""},{""S"":""audience:family""},{""S"":""audience:kids""},{""S"":""audience:party""},{""S"":""time:night""},{""S"":""noise:low""},{""S"":""type:colour""},{""S"":""type:ground""}]","brand-d330893f-0183-4d4e-a61a-e57eb58868fc","","cat-bd6836fc-0a7a-4236-9425-ff0b5dd0dd91","2026-07-25T12:39:09.831Z","""A 3-mouth peacock-themed fountain that functions with vibrant red and silver crackling effects, perfect for traditional celebrations.\n\nPack Contains: 1 Box × 1 Pce (Total 1 Piece of Sindoor/Dandiya Peacock distributed across 1 individual box).""","","true","false","Sindoor/Dandiya Peacock","[{""S"":""best-selling""},{""S"":""new-arrivals""},{""S"":""party""}]","682","badapeacock","1000","","","","","sindoor/dandiya peacock brand-d330893f-0183-4d4e-a61a-e57eb58868fc cat-bd6836fc-0a7a-4236-9425-ff0b5dd0dd91 audience:friends audience:family audience:kids audience:party time:night noise:low type:colour type:ground","168",""
"prod-b47a6777-06b6-4154-849a-f5e3383cd421","[{""S"":""audience:friends""},{""S"":""audience:family""},{""S"":""audience:kids""},{""S"":""audience:party""},{""S"":""time:night""},{""S"":""noise:high""},{""S"":""type:colour""},{""S"":""type:ground""},{""S"":""type:sound""}]","brand-b58ae044-dcf6-418f-a08d-9a0df11f3f50","","cat-e88bc9be-b972-4e07-b681-3b349b8bc246","2026-07-25T12:39:09.831Z","Premium high-fidelity musical fountain. Blasts a giant golden tree of spark crackles paired with deep screaming flute sound effects.\n\nPack Contains: 1 Box × 5 Pcs (Total 5 Pieces of Dora Singer distributed across 1 individual box).","","true","false","Dora Singer","[{""S"":""10k-family""},{""S"":""new-arrivals""},{""S"":""best-selling""},{""S"":""party""}]","364","siren","1000","","","","","dora singer brand-b58ae044-dcf6-418f-a08d-9a0df11f3f50 cat-e88bc9be-b972-4e07-b681-3b349b8bc246 audience:friends audience:family audience:kids audience:party time:night noise:high type:colour type:ground type:sound","150",""
"prod-b14219a5-27b9-4e16-8fa9-31c180c8ed28","[{""S"":""audience:friends""},{""S"":""audience:family""},{""S"":""audience:kids""},{""S"":""time:night\r\nnoise:low""},{""S"":""type:colour""},{""S"":""type:ground""}]","brand-33ea163d-e049-491b-8544-7bb35446f797","","cat-137d7460-2748-4b4d-8a24-26f78fcba6f8","2026-07-25T12:39:09.831Z","""A high-performance ground spinner. Spins smoothly on the floor at night while generating a loud, high-pitched whistling sound combined with a bright spark throw.\n\nPack Contains: 1 Box × 5 Pcs (Total 5 Pieces of Whistling Chakkar distributed across 1 individual box).""","","true","false","Whistling Chakkar","[{""S"":""10k-family""},{""S"":""10k-fancy""},{""S"":""new-arrivals""},{""S"":""best-selling""},{""S"":""party""}]","237","whistlechakkar","1000","","","","","whistling chakkar brand-33ea163d-e049-491b-8544-7bb35446f797 cat-137d7460-2748-4b4d-8a24-26f78fcba6f8 audience:friends audience:family audience:kids time:night\nnoise:low type:colour type:ground","47",""
"prod-ffee2d57-9615-4012-985b-03ee5953453e","[{""S"":""audience:friends""},{""S"":""audience:family""},{""S"":""audience:party""},{""S"":""time:night""},{""S"":""noise:high""},{""S"":""type:colour""},{""S"":""type:sound""},{""S"":""type:sky""}]","brand-502f2162-c9fb-4b02-8a94-f5e08777f22c","","cat-49a58658-dac3-49fa-b1c2-09577f1a8bd3","2026-07-25T12:39:09.831Z","""The absolute largest 6-inch single shot commercial aerial mortar pipe. Launches a giant shell that breaks into a massive, echoing web of multi-color stars and crackling tails.\n\nPack Contains: 1 Box × 1 Pce (Total 1 Piece of 6"""" COMET Shell (MultiFlavour Colors) distributed across 1 individual box).""","","true","false","""6"""" COMET Shell (MultiFlavour Colors)""","[{""S"":""best-selling""},{""S"":""new-arrivals""},{""S"":""party""}]","1773","singleaerial","1000","","","","","""6"""" comet shell (multiflavour colors) brand-502f2162-c9fb-4b02-8a94-f5e08777f22c cat-49a58658-dac3-49fa-b1c2-09577f1a8bd3 audience:friends audience:family audience:party time:night noise:high type:colour type:sound type:sky""","129",""
"prod-4c251284-a722-464b-9569-abe6e6b9088e","[{""S"":""audience:family""},{""S"":""audience:party""},{""S"":""time:day""},{""S"":""noise:high""},{""S"":""type:ground""},{""S"":""type:sound""}]","brand-ab02688c-c42d-48b5-a24e-2ac59d21a513","","cat-dd0580e5-695a-40ed-9daa-9840ff663e49","2026-07-25T12:39:09.831Z","""An upgraded 4-inch Lakshmi bomb with 10 strong paper layers. Built for day use, it creates a much louder and deeper single ground blast.\n\nPack Contains: 10 Pkts × 5 Pcs (Total 50 Pieces of 4"""" Deluxe Lakshmi distributed across 10 individual packets).""","","true","false","""4"""" Deluxe Lakshmi""","[{""S"":""5k-family""},{""S"":""10k-family""},{""S"":""best-selling""}]","500","singlesound","1000","","","","","""4"""" deluxe lakshmi brand-ab02688c-c42d-48b5-a24e-2ac59d21a513 cat-dd0580e5-695a-40ed-9daa-9840ff663e49 audience:family audience:party time:day noise:high type:ground type:sound""","4",""
"prod-b109916c-dc42-4d9e-ac75-2b524916e14f","[{""S"":""audience:friends""},{""S"":""audience:family""},{""S"":""audience:kids""},{""S"":""audience:party""},{""S"":""time:night""},{""S"":""noise:low\r\ntype:colour""},{""S"":""type:handheld""}]","brand-82fc039f-5548-4c80-a2cf-0dc50e0c4e1e","","cat-91eac5b9-27b8-4bd2-be81-e4ef8702fc63","2026-07-25T12:39:09.831Z","""A giant-tier 50 cm mega electric sparkler. The longest stick sparkler available, ensuring maximum handheld burn time with a majestic, bright silver star field.\n\nPack Contains: 1 Box × 5 Pcs (Total 5 Pieces of 50 Cm Electric Sparklers distributed across 1 individual box).""","","true","false","50 Cm Electric Sparklers","[{""S"":""10k-fancy""},{""S"":""10k-thala-diwali-pack""},{""S"":""best-selling""},{""S"":""new-arrivals""},{""S"":""party""}]","264","sparkler","1000","","","","","50 cm electric sparklers brand-82fc039f-5548-4c80-a2cf-0dc50e0c4e1e cat-91eac5b9-27b8-4bd2-be81-e4ef8702fc63 audience:friends audience:family audience:kids audience:party time:night noise:low\ntype:colour type:handheld","104",""
"prod-6764d8d0-9e95-42b6-ab3b-c1a13c33a8f3","[{""S"":""audience:friends""},{""S"":""audience:family""},{""S"":""audience:kids""},{""S"":""time:night\r\nnoise:low""},{""S"":""type:colour""},{""S"":""type:ground""}]","brand-d330893f-0183-4d4e-a61a-e57eb58868fc","","cat-27170166-7aab-4970-9e43-51cfd92d9c85","2026-07-25T12:39:09.831Z","""A smart 3-step vertical fountain. It runs on the ground at night, automatically changing its spray across three different colors sequentially.\n\nPack Contains: 1 Box × 3 Pcs (Total 3 Pieces of Tricolour Fountain ~ 3in1 distributed across 1 individual box).""","","true","false","Tricolour Fountain ~ 3in1","[{""S"":""3k-kids""},{""S"":""10k-thala-diwali-pack""},{""S"":""best-selling""}]","272","flowerpot","1000","","","","","tricolour fountain ~ 3in1 brand-d330893f-0183-4d4e-a61a-e57eb58868fc cat-27170166-7aab-4970-9e43-51cfd92d9c85 audience:friends audience:family audience:kids time:night\nnoise:low type:colour type:ground","33",""
"prod-c75d6fd2-a736-48fb-9120-2b31e6960171","[{""S"":""audience:friends""},{""S"":""audience:family""},{""S"":""audience:kids""},{""S"":""time:night\r\nnoise:low""},{""S"":""type:colour""},{""S"":""type:ground""}]","brand-cc473df3-143a-4a8e-8f8f-e9dc7e6b2a3c","","cat-27170166-7aab-4970-9e43-51cfd92d9c85","2026-07-25T12:39:09.831Z","""A beautiful multi-color fountain. When ignited on the ground at night, it changes colors from red to yellow and green, creating a lovely rainbow effect.\n\nPack Contains: 1 Box × 5 Pcs (Total 5 Pieces of Rainbow / Gypsy Color Pots distributed across 1 individual box).""","","true","false","Rainbow / Gypsy Color Pots","[{""S"":""10k-fancy""},{""S"":""10k-thala-diwali-pack""},{""S"":""new-arrivals""},{""S"":""best-selling""},{""S"":""party""}]","272","flowerpot","1000","","","","","rainbow / gypsy color pots brand-cc473df3-143a-4a8e-8f8f-e9dc7e6b2a3c cat-27170166-7aab-4970-9e43-51cfd92d9c85 audience:friends audience:family audience:kids time:night\nnoise:low type:colour type:ground","32",""
"prod-fee70072-66fc-4ae0-9881-c23b83652692","[{""S"":""audience:friends""},{""S"":""audience:family""},{""S"":""audience:kids""},{""S"":""time:night""},{""S"":""noise:low""},{""S"":""type:colour""},{""S"":""type:ground""}]","brand-93511537-a2f5-4050-90de-965873cca8fb","","cat-239204a6-57c7-4bdb-aca4-b9b252fba147","2026-07-25T12:39:09.831Z","A playful kid-themed specialty cone pack. Sits stable on the ground to release multi-colored sparkles and rhythmic popping snaps.\n\nPack Contains: 1 Box × 5 Pcs (Total 5 Pieces of Cartoon Fountain (Shin Chan/Spiderman/Paw Patrol) distributed across 1 individual box).","","true","false","Cartoon Fountain (Shin Chan/Spiderman/Paw Patrol)","[{""S"":""3k-kids""},{""S"":""5k-fancy""},{""S"":""10k-family""},{""S"":""10k-fancy""},{""S"":""best-selling""},{""S"":""new-arrivals""}]","190","smallfountain","1000","","","","","cartoon fountain (shin chan/spiderman/paw patrol) brand-93511537-a2f5-4050-90de-965873cca8fb cat-239204a6-57c7-4bdb-aca4-b9b252fba147 audience:friends audience:family audience:kids time:night noise:low type:colour type:ground","153",""
"prod-7921d9b2-abef-428e-b293-f11ce993d8ee","[{""S"":""audience:friends""},{""S"":""audience:family""},{""S"":""audience:kids""},{""S"":""time:night""},{""S"":""noise:high""},{""S"":""type:colour""},{""S"":""type:ground""},{""S"":""type:sound""}]","brand-fa700591-52d8-4ef0-9e22-1b4000b6baa9","","cat-e88bc9be-b972-4e07-b681-3b349b8bc246","2026-07-25T12:39:09.831Z","""A medium acoustic fountain. Placed on flat ground at night, it emits standard multi-stage silver sparks along with soft high pitch whistling notes.\n\nPack Contains: 1 Box × 5 Pcs (Total 5 Pieces of Mini Siren distributed across 1 individual box).""","","true","false","Mini Siren","[{""S"":""3k-kids""},{""S"":""3k-family""},{""S"":""5k-family""},{""S"":""best-selling""}]","209","siren","1000","","","","","mini siren brand-fa700591-52d8-4ef0-9e22-1b4000b6baa9 cat-e88bc9be-b972-4e07-b681-3b349b8bc246 audience:friends audience:family audience:kids time:night noise:high type:colour type:ground type:sound","149",""
"prod-72d074f9-9ebc-4c4f-971c-72995b0d7254","[{""S"":""audience:friends""},{""S"":""audience:family""},{""S"":""audience:kids""},{""S"":""audience:party""},{""S"":""time:night""},{""S"":""noise:low""},{""S"":""type:colour""},{""S"":""type:handheld""}]","brand-502f2162-c9fb-4b02-8a94-f5e08777f22c","","cat-0ce1f84f-e513-4fe1-af4c-52751c26f45d","2026-07-25T12:39:09.831Z","""A toy-gun shaped handheld crackling torch. When held out at night, it sprays a thick, beautiful fountain of colorful sparks that transitions into heavy crackling sounds.\n\nPack Contains: 1 Box × 4 Pcs (Total 4 Pieces of Free Fire Gun ~ Crackling Torch distributed across 1 individual box).""","","true","false","Free Fire Gun ~ Crackling Torch","[{""S"":""3k-kids""},{""S"":""10k-fancy""},{""S"":""10k-thala-diwali-pack""},{""S"":""new-arrivals""}]","337","novelty","1000","","","","","free fire gun ~ crackling torch brand-502f2162-c9fb-4b02-8a94-f5e08777f22c cat-0ce1f84f-e513-4fe1-af4c-52751c26f45d audience:friends audience:family audience:kids audience:party time:night noise:low type:colour type:handheld","61",""
"prod-1f8640d1-1409-4f3e-b697-4c426caccc1d","[{""S"":""audience:friends""},{""S"":""audience:family""},{""S"":""audience:party""},{""S"":""time:day""},{""S"":""noise:low""},{""S"":""type:high-smoke""},{""S"":""type:colour""},{""S"":""type:handheld""}]","brand-fa700591-52d8-4ef0-9e22-1b4000b6baa9","","cat-b439f310-800e-4b05-a01b-80b67c4d90a6","2026-07-25T12:39:09.831Z","""A large handheld daytime smoke torch. Once activated, it releases a thick, dense, high-volume cloud of colored smoke (Yellow, Blue, or Red) perfect for photography or reveals.\n\nPack Contains: 1 Box × 3 Pcs (Total 3 Pieces of Color Smoke Big distributed across 1 individual box).""","","true","false","Color Smoke Big","[{""S"":""5k-family""},{""S"":""5k-fancy""},{""S"":""10k-family""},{""S"":""10k-fancy""},{""S"":""best-selling""},{""S"":""new-arrivals""}]","190","smoke","1000","","","","","color smoke big brand-fa700591-52d8-4ef0-9e22-1b4000b6baa9 cat-b439f310-800e-4b05-a01b-80b67c4d90a6 audience:friends audience:family audience:party time:day noise:low type:high-smoke type:colour type:handheld","65",""
"prod-367c3f2c-a28a-462e-89a9-f3d13b8cb78a","[{""S"":""audience:family""},{""S"":""audience:kids""},{""S"":""time:night""},{""S"":""noise:low""},{""S"":""type:colour""},{""S"":""type:sound""},{""S"":""type:sky""}]","brand-fa700591-52d8-4ef0-9e22-1b4000b6baa9","","cat-bd8acdb8-f4cc-4e20-9efb-651a8305e06e","2026-07-25T12:39:09.831Z","""A medium-sized aerial rocket. Ascends rapidly into the upper sky at night and finishes with a sudden, loud single bang explosion.\n\nPack Contains: 1 Box × 10 Pcs (Total 10 Pieces of Rocket Bomb distributed across 1 individual box).""","","true","false","Rocket Bomb","[{""S"":""best-selling""}]","109","rocket","1000","","","","","rocket bomb brand-fa700591-52d8-4ef0-9e22-1b4000b6baa9 cat-bd8acdb8-f4cc-4e20-9efb-651a8305e06e audience:family audience:kids time:night noise:low type:colour type:sound type:sky","73",""
"prod-70521964-7aef-4184-a068-7663099b5aec","[{""S"":""audience:family""},{""S"":""audience:kids""},{""S"":""time:day""},{""S"":""time:night""},{""S"":""noise:low""},{""S"":""type:sound""},{""S"":""type:handheld""}]","brand-fa700591-52d8-4ef0-9e22-1b4000b6baa9","","cat-357f91e1-2966-4208-a623-7111cd886a6f","2026-07-25T12:39:09.831Z","""A sleek, durable plastic toy gun designed for paper roll caps. Gives a rhythmic, continuous cracking pop sound as the paper roll feeds through during play.\n\nPack Contains: 1 Box × 1 Pce (Total 1 Piece of Plastic Roll Cap Gun distributed across 1 individual box).""","","true","false","Plastic Roll Cap Gun","","100","rollcapgun","1000","","","","","plastic roll cap gun brand-fa700591-52d8-4ef0-9e22-1b4000b6baa9 cat-357f91e1-2966-4208-a623-7111cd886a6f audience:family audience:kids time:day time:night noise:low type:sound type:handheld","68",""
"prod-bc042778-e565-47fc-b153-e406adff2756","[{""S"":""audience:family""},{""S"":""audience:kids""},{""S"":""audience:party""},{""S"":""time:day""},{""S"":""noise:low""},{""S"":""type:ground""},{""S"":""type:sound""}]","brand-93511537-a2f5-4050-90de-965873cca8fb","","cat-91d15624-a97c-44aa-9688-89dc88a78f43","2026-07-25T12:39:09.831Z","""A fun novelty ground firework shell. Fired on the ground during the day, it goes off with a very soft pop and propels hundreds of realistic toy dummy currency notes high into the air.\n\nPack Contains: 1 Box × 2 Pcs (Total 2 Pieces of Magic Show ~ Fake Currency Paper Shots distributed across 1 individual box).""","","true","false","Magic Show ~ Fake Currency Paper Shots","[{""S"":""best-selling""},{""S"":""new-arrivals""},{""S"":""party""}]","300","paperbomb","1000","","","","","magic show ~ fake currency paper shots brand-93511537-a2f5-4050-90de-965873cca8fb cat-91d15624-a97c-44aa-9688-89dc88a78f43 audience:family audience:kids audience:party time:day noise:low type:ground type:sound","56",""
"prod-b4c4b9a8-7778-4b36-88f3-e9e2a447800b","","brand-fa700591-52d8-4ef0-9e22-1b4000b6baa9","","cat-4b7df8e5-4e0a-49f8-a2dd-0f2b345d4222","2026-07-25T12:39:09.831Z","Complete traditional family celebration firecracker assortment combo pack.\n\nPack Contains: 1 Box (combo contents are listed in combo package section of our site).","","true","true","3K FAMILY PACK ~ COMBO BOX","[{""S"":""best-selling""},{""S"":""new-arrivals""}]","3000","combobox","1000","","","","","3k family pack ~ combo box brand-fa700591-52d8-4ef0-9e22-1b4000b6baa9 cat-4b7df8e5-4e0a-49f8-a2dd-0f2b345d4222","183",""
"prod-2d50dd5f-1810-410a-93ed-fa3062e7338c","[{""S"":""audience:friends""},{""S"":""audience:family""},{""S"":""audience:kids""},{""S"":""time:night""},{""S"":""noise:high""},{""S"":""type:colour""},{""S"":""type:sound""},{""S"":""type:sky""}]","brand-33ea163d-e049-491b-8544-7bb35446f797","","cat-c34b6eb2-4530-4031-bee0-5e55825010e7","2026-07-25T12:39:09.831Z","A high-performance combo repeater. Each aerial shell screams into the night sky with a loud whistling tail before bursting into beautiful multi-color flower star breaks.\n\nPack Contains: 1 Box × 1 Pce (Total 1 Piece of 25 Whislting Sky Shots distributed across 1 individual box).","","true","false","25 Whislting Sky Shots","[{""S"":""best-selling""},{""S"":""new-arrivals""},{""S"":""party""}]","1500","whistleshot","1000","","","","","25 whislting sky shots brand-33ea163d-e049-491b-8544-7bb35446f797 cat-c34b6eb2-4530-4031-bee0-5e55825010e7 audience:friends audience:family audience:kids time:night noise:high type:colour type:sound type:sky","111",""
"prod-09ef3737-24d9-4ecf-91d6-c97e8849dda2","","brand-fa700591-52d8-4ef0-9e22-1b4000b6baa9","","cat-4b7df8e5-4e0a-49f8-a2dd-0f2b345d4222","2026-07-25T12:39:09.831Z","Deluxe mega family festive celebration cracker assortment combo pack.\n\nPack Contains: 1 Box (combo contents are listed in combo package section of our site).","","true","true","5K FAMILY PACK ~ COMBO BOX","[{""S"":""best-selling""},{""S"":""new-arrivals""}]","5000","combobox","1000","","","","","5k family pack ~ combo box brand-fa700591-52d8-4ef0-9e22-1b4000b6baa9 cat-4b7df8e5-4e0a-49f8-a2dd-0f2b345d4222","184",""
"prod-7bddecd8-bfe6-4bb6-bf83-f1cd70d98a74","[{""S"":""audience:friends""},{""S"":""audience:family""},{""S"":""audience:party""},{""S"":""time:night""},{""S"":""noise:high""},{""S"":""type:colour""},{""S"":""type:sound""},{""S"":""type:sky""}]","brand-87ee4c0f-d50d-43aa-8db7-dc89120a4bbc","","cat-49a58658-dac3-49fa-b1c2-09577f1a8bd3","2026-07-25T12:39:09.831Z","""A dual pack of 2.5-inch extra-large aerial mortar pipes. Reaches high altitudes at night before unfurling a thick, wide-radius canopy of shimmering multi-color stars.\n\nPack Contains: 1 Box × 2 Pcs (Total 2 Pieces of 2.5"""" COMET Shell (MultiFlavour Colors) distributed across 1 individual box).""","","true","false","""2.5"""" COMET Shell (MultiFlavour Colors)""","[{""S"":""10k-family""},{""S"":""10k-fancy""},{""S"":""10k-thala-diwali-pack""},{""S"":""best-selling""},{""S"":""party""}]","500","singleaerial","1000","","","","","""2.5"""" comet shell (multiflavour colors) brand-87ee4c0f-d50d-43aa-8db7-dc89120a4bbc cat-49a58658-dac3-49fa-b1c2-09577f1a8bd3 audience:friends audience:family audience:party time:night noise:high type:colour type:sound type:sky""","123",""
"prod-d71f5d1a-2ef9-4ca9-ad96-d953e1998331","","brand-fa700591-52d8-4ef0-9e22-1b4000b6baa9","","cat-4b7df8e5-4e0a-49f8-a2dd-0f2b345d4222","2026-07-25T12:39:09.831Z","Spectacular premium multi-color aerial sky display combo pack.\n\nPack Contains: 1 Box (combo contents are listed in combo package section of our site).","","true","true","5K NIGHT FANCY ~ COMBO BOX","[{""S"":""best-selling""},{""S"":""new-arrivals""}]","5000","combobox","1000","","","","","5k night fancy ~ combo box brand-fa700591-52d8-4ef0-9e22-1b4000b6baa9 cat-4b7df8e5-4e0a-49f8-a2dd-0f2b345d4222","186",""
"prod-6758ac96-871d-46c5-874b-73ab961f035e","[{""S"":""audience:friends""},{""S"":""audience:family""},{""S"":""time:day""},{""S"":""noise:high""},{""S"":""type:ground""},{""S"":""type:sound""}]","brand-ab02688c-c42d-48b5-a24e-2ac59d21a513","","cat-ebd03d37-90ef-4079-b8ce-58fa44965c9c","2026-07-25T12:39:09.831Z","""A premium garland made of 24 large 2.75-inch deluxe paper shells tied with a heavy wire fuse. It creates a heavily amplified, booming series of ground echoes. Great for day or night. These crackers are hand-made with hand-twisted wire fuse tubes, giving them a tighter, more sealed ignition point that produces a comparatively higher decibel sound than machine-made tape fuse alternatives.\n\nPack Contains: 1 Pkt × 1 Pce (Total 1 Piece of 24 Deluxe (2.75"""" Shell) distributed across 1 individual packet).""","","true","false","""24 Deluxe (2.75"""" Shell)""","[{""S"":""5k-family""},{""S"":""10k-thala-diwali-pack""},{""S"":""best-selling""}]","90","deluxegarland","1000","","","","","""24 deluxe (2.75"""" shell) brand-ab02688c-c42d-48b5-a24e-2ac59d21a513 cat-ebd03d37-90ef-4079-b8ce-58fa44965c9c audience:friends audience:family time:day noise:high type:ground type:sound""","20",""
"prod-12fac584-4ec8-46e3-ae31-aed2285f52f7","[{""S"":""audience:friends""},{""S"":""audience:family""},{""S"":""audience:party""},{""S"":""time:day""},{""S"":""time:night""},{""S"":""noise:high""},{""S"":""type:high-smoke""},{""S"":""type:ground""},{""S"":""type:sound""}]","brand-ab02688c-c42d-48b5-a24e-2ac59d21a513","","cat-12bb3f07-0803-4300-9d5a-bb165bf68410","2026-07-25T12:39:09.831Z","""A massive community-grade garland loaded with 3500 heavy sound shells. Commands attention across vast areas with an unceasing, earth-shaking multi-blast sound barrier.\n\nPack Contains: 1 Box × 1 Pce (Total 1 Piece of 5K Blast (5*700 Shells) distributed across 1 individual box).""","","true","false","5K Blast (5*700 Shells)","[{""S"":""10k-thala-diwali-pack""},{""S"":""best-selling""},{""S"":""new-arrivals""},{""S"":""party""}]","2454","wala","1000","","","","","5k blast (5*700 shells) brand-ab02688c-c42d-48b5-a24e-2ac59d21a513 cat-12bb3f07-0803-4300-9d5a-bb165bf68410 audience:friends audience:family audience:party time:day time:night noise:high type:high-smoke type:ground type:sound","89",""
"prod-6f70b4b6-4b89-4c3e-8741-31f76b14b1f3","[{""S"":""audience:friends""},{""S"":""audience:family""},{""S"":""audience:kids""},{""S"":""time:night""},{""S"":""noise:low""},{""S"":""type:colour""},{""S"":""type:ground""}]","brand-fa700591-52d8-4ef0-9e22-1b4000b6baa9","","cat-bd6836fc-0a7a-4236-9425-ff0b5dd0dd91","2026-07-25T12:39:09.831Z","A dual side-firing specialized novelty pot. Projects two massive symmetrical wings of gold crackles and silver stars outwards horizontally.\n\nPack Contains: 1 Box × 1 Pce (Total 1 Piece of Peacock Wings distributed across 1 individual box).","","true","false","Peacock Wings","[{""S"":""3k-kids""},{""S"":""3k-family""},{""S"":""5k-family""},{""S"":""5k-fancy""},{""S"":""10k-family""},{""S"":""10k-fancy""},{""S"":""10k-thala-diwali-pack""},{""S"":""best-selling""},{""S"":""party""}]","273","mediumpeacock","1000","","","","","peacock wings brand-fa700591-52d8-4ef0-9e22-1b4000b6baa9 cat-bd6836fc-0a7a-4236-9425-ff0b5dd0dd91 audience:friends audience:family audience:kids time:night noise:low type:colour type:ground","166",""
"prod-4e7523de-73e1-4843-9b15-fd616a61a21e","[{""S"":""audience:friends""},{""S"":""audience:party""},{""S"":""audience:family""},{""S"":""time:night""},{""S"":""noise:high""},{""S"":""type:colour""},{""S"":""type:sound""},{""S"":""type:sky""}]","brand-4634bbd4-01b9-4710-bce6-24ba94ef3a06","","cat-c34b6eb2-4530-4031-bee0-5e55825010e7","2026-07-25T12:39:09.831Z","A high-volume 60-shot aerial show box. Floods the night sky with 60 continuous multi-color shell breaks featuring shimmering star patterns and silver strobe lights.\n\nPack Contains: 1 Box × 1 Pce (Total 1 Piece of 60 Shots Mulitcolor Sky Shots distributed across 1 individual box).","","true","false","60 Shots Mulitcolor Sky Shots","[{""S"":""10k-family""},{""S"":""party""}]","1454","multishot","1000","","","","","60 shots mulitcolor sky shots brand-4634bbd4-01b9-4710-bce6-24ba94ef3a06 cat-c34b6eb2-4530-4031-bee0-5e55825010e7 audience:friends audience:party audience:family time:night noise:high type:colour type:sound type:sky","114",""
"prod-bacf6337-68db-491b-aca7-ceab94b9ccb4","[{""S"":""audience:friends""},{""S"":""audience:family""},{""S"":""audience:kids""},{""S"":""audience:party""},{""S"":""time:night""},{""S"":""noise:high""},{""S"":""type:colour""},{""S"":""type:sky""}]","brand-d330893f-0183-4d4e-a61a-e57eb58868fc","","cat-eb4f1e7a-b3cd-424d-9118-ae8b0e5f9c78","2026-07-25T12:39:09.831Z","A powerful 4-in-1 combo featuring 3 distinct mega multi-color fountains and 1 impressive sky shot for a balanced ground and aerial display.\n\nPack Contains: 1 Box × 1 Pce (Total 1 Piece of Jumbo Bingo Mega Fountain ~ 4in1 distributed across 1 individual box).","","true","false","Jumbo Bingo Mega Fountain ~ 4in1","[{""S"":""best-selling""},{""S"":""new-arrivals""},{""S"":""party""}]","818","fountainwithshot","1000","","","","","jumbo bingo mega fountain ~ 4in1 brand-d330893f-0183-4d4e-a61a-e57eb58868fc cat-eb4f1e7a-b3cd-424d-9118-ae8b0e5f9c78 audience:friends audience:family audience:kids audience:party time:night noise:high type:colour type:sky","163",""
"prod-28d1fa9b-1fbb-43e6-ab1a-07d5825349db","","brand-fa700591-52d8-4ef0-9e22-1b4000b6baa9","","cat-e3b0f5ac-c147-4210-b3e1-dd3b35738826","2026-07-25T12:39:09.831Z","Festive collection contains 35 items of assorted family firecrackers.\n\nPack Contains: 1 Box × 35 Items (Total 35 Items of 35 Assorted Gift Pack distributed across 1 individual box).","","true","false","35 Assorted Gift Pack","","700","giftbox","1000","","","","","35 assorted gift pack brand-fa700591-52d8-4ef0-9e22-1b4000b6baa9 cat-e3b0f5ac-c147-4210-b3e1-dd3b35738826","178",""
"prod-88699bcd-cdb4-4cc1-ba85-b9324cff5d4b","[{""S"":""audience:friends""},{""S"":""audience:family""},{""S"":""audience:party""},{""S"":""time:day""},{""S"":""noise:high""},{""S"":""type:ground""},{""S"":""type:sound""}]","brand-ab02688c-c42d-48b5-a24e-2ac59d21a513","","cat-dd0580e5-695a-40ed-9daa-9840ff663e49","2026-07-25T12:39:09.831Z","""A special 4-inch Lakshmi cracker wrapped in premium golden paper. It combines a beautiful festive look with a high-intensity single ground blast during the day.\n\nPack Contains: 10 Pkts × 5 Pcs (Total 50 Pieces of 4"""" Gold Lakshmi distributed across 10 individual packets).""","","true","false","""4"""" Gold Lakshmi""","[{""S"":""best-selling""},{""S"":""new-arrivals""},{""S"":""party""}]","518","singlesound","1000","","","","","""4"""" gold lakshmi brand-ab02688c-c42d-48b5-a24e-2ac59d21a513 cat-dd0580e5-695a-40ed-9daa-9840ff663e49 audience:friends audience:family audience:party time:day noise:high type:ground type:sound""","6",""
"prod-2525fef9-3dbb-4f4b-86ae-1ecad1f8114b","[{""S"":""audience:friends""},{""S"":""audience:family""},{""S"":""audience:kids""},{""S"":""time:night\r\nnoise:low""},{""S"":""type:colour""},{""S"":""type:ground""}]","brand-fa700591-52d8-4ef0-9e22-1b4000b6baa9","","cat-27170166-7aab-4970-9e43-51cfd92d9c85","2026-07-25T12:39:09.831Z","""A premium color-projection pot. Ignites on the ground at night, spraying highly saturated, vibrant multi-color showers instead of traditional gold sparks.\n\nPack Contains: 1 Box × 10 Pcs (Total 10 Pieces of Color Koti distributed across 1 individual box).""","","true","false","Color Koti","[{""S"":""5k-family""},{""S"":""5k-fancy""},{""S"":""best-selling""},{""S"":""new-arrivals""}]","355","flowerpot","1000","","","","","color koti brand-fa700591-52d8-4ef0-9e22-1b4000b6baa9 cat-27170166-7aab-4970-9e43-51cfd92d9c85 audience:friends audience:family audience:kids time:night\nnoise:low type:colour type:ground","35",""
"prod-84dccf8b-13bf-47a9-8236-50ff4a3abeea","[{""S"":""audience:friends""},{""S"":""audience:family""},{""S"":""audience:kids""},{""S"":""time:night""},{""S"":""noise:low""},{""S"":""type:colour""},{""S"":""type:ground""}]","brand-d330893f-0183-4d4e-a61a-e57eb58868fc","","cat-eb4f1e7a-b3cd-424d-9118-ae8b0e5f9c78","2026-07-25T12:39:09.831Z","""A 3-inch Red Sun, Blue Ice multi-pack of colored tin fountains. Emits dense, highly vibrant color columns in pure red, green, and gold streams sequentially.\n\nPack Contains: 1 Box × 5 Pcs (Total 5 Pieces of 3"""" Colour Fountain distributed across 1 individual box).""","","true","false","""3"""" Colour Fountain""","[{""S"":""3k-family""},{""S"":""5k-family""},{""S"":""5k-fancy""},{""S"":""10k-family""},{""S"":""10k-fancy""},{""S"":""best-selling""},{""S"":""new-arrivals""}]","272","mediumfountain","1000","","","","","""3"""" colour fountain brand-d330893f-0183-4d4e-a61a-e57eb58868fc cat-eb4f1e7a-b3cd-424d-9118-ae8b0e5f9c78 audience:friends audience:family audience:kids time:night noise:low type:colour type:ground""","158",""
"prod-84036447-6a86-4279-bc41-68516b9d12e9","[{""S"":""audience:friends""},{""S"":""audience:family""},{""S"":""audience:party""},{""S"":""time:day""},{""S"":""time:night""},{""S"":""noise:high""},{""S"":""type:high-smoke""},{""S"":""type:ground""},{""S"":""type:sound""}]","brand-ab02688c-c42d-48b5-a24e-2ac59d21a513","","cat-12bb3f07-0803-4300-9d5a-bb165bf68410","2026-07-25T12:39:09.831Z","""A dense-knit 1K category garland mounting 700 specialized high-grade sound shells. Delivers a thick, closely spaced multi-sound ground display with no lag gaps.\n\nPack Contains: 1 Box × 1 Pce (Total 1 Piece of 1K Blast (1*700 Shells) distributed across 1 individual box).""","","true","false","1K Blast (1*700 Shells)","[{""S"":""10k-family""},{""S"":""10k-fancy""},{""S"":""best-selling""},{""S"":""party""}]","490","wala","1000","","","","","1k blast (1*700 shells) brand-ab02688c-c42d-48b5-a24e-2ac59d21a513 cat-12bb3f07-0803-4300-9d5a-bb165bf68410 audience:friends audience:family audience:party time:day time:night noise:high type:high-smoke type:ground type:sound","87",""
"prod-f2a3128d-9f72-4031-925c-f6fcb04d69f1","[{""S"":""audience:friends""},{""S"":""audience:family""},{""S"":""audience:kids""},{""S"":""audience:party""},{""S"":""time:night\r\nnoise:low""},{""S"":""type:colour""},{""S"":""type:ground""}]","brand-50958a6d-ce8f-494e-9106-d7e00a2fd2e7","","cat-27170166-7aab-4970-9e43-51cfd92d9c85","2026-07-25T12:39:09.831Z","""A massive, flagship-tier color pot. Engineered for maximum ground presence at night, emitting a towering, ultra-dense, multi-layered carnival of colorful sparks.\n\nPack Contains: 1 Box × 10 Pcs (Total 10 Pieces of Color Koti Super(Mega Size) distributed across 1 individual box).""","","true","false","Color Koti Super(Mega Size)","[{""S"":""best-selling""},{""S"":""new-arrivals""},{""S"":""party""}]","1000","flowerpot","1000","","","","","color koti super(mega size) brand-50958a6d-ce8f-494e-9106-d7e00a2fd2e7 cat-27170166-7aab-4970-9e43-51cfd92d9c85 audience:friends audience:family audience:kids audience:party time:night\nnoise:low type:colour type:ground","38",""
"prod-8a8c8081-7136-4567-94f2-493b46e323f8","[{""S"":""audience:family""},{""S"":""audience:kids""},{""S"":""audience:friends""},{""S"":""audience:party""},{""S"":""time:day""},{""S"":""time:night""},{""S"":""noise:low""},{""S"":""type:colour""},{""S"":""type:handheld""}]","brand-2fbbaac1-c8a3-41a6-8e1b-0c63d30dfadc","","cat-1300aba7-85e1-4d05-8d04-d7c57c722ef7","2026-07-25T12:39:09.831Z","""Premium large-sized color match sticks set. Includes 5 boxes of 10 pieces each, providing a reliable and brighter spark than standard matches.\n\nPack Contains: 5 Boxes × 10 Match Sticks (Total 50 Match Sticks).""","","true","false","Rayal Jumbo ~ 5in1","[{""S"":""party""}]","218","largematch","1000","","","","","rayal jumbo ~ 5in1 brand-2fbbaac1-c8a3-41a6-8e1b-0c63d30dfadc cat-1300aba7-85e1-4d05-8d04-d7c57c722ef7 audience:family audience:kids audience:friends audience:party time:day time:night noise:low type:colour type:handheld","174",""
"prod-0c1fa91b-87ba-4115-8404-d5e352ba81e5","[{""S"":""audience:family""},{""S"":""time:night""},{""S"":""noise:low\r\ntype:colour""},{""S"":""type:handheld\r\ntype:high-smoke""}]","brand-82fc039f-5548-4c80-a2cf-0dc50e0c4e1e","","cat-91eac5b9-27b8-4bd2-be81-e4ef8702fc63","2026-07-25T12:39:09.831Z","""A specialized 12 cm colored sparkler. Safe for handheld operation, casting out a vivid, bright emerald-green color flame along with small sparks.\n\nPack Contains: 5 Box(s) × 10 Pcs (Total 50 Pieces of 12 Cm Green Sparklers distributed across 5 individual boxes).""","","true","false","12 Cm Green Sparklers","[{""S"":""5k-fancy""},{""S"":""10k-fancy""}]","236","sparkler","1000","","","","","12 cm green sparklers brand-82fc039f-5548-4c80-a2cf-0dc50e0c4e1e cat-91eac5b9-27b8-4bd2-be81-e4ef8702fc63 audience:family time:night noise:low\ntype:colour type:handheld\ntype:high-smoke","93",""
"prod-58f4e953-cf93-4e65-b1c4-9323dac9750b","","brand-fa700591-52d8-4ef0-9e22-1b4000b6baa9","","cat-e3b0f5ac-c147-4210-b3e1-dd3b35738826","2026-07-25T12:39:09.831Z","Festive collection contains 25 items of assorted family firecrackers.\n\nPack Contains: 1 Box × 25 Items (Total 25 Items of 25 Assorted Gift Pack distributed across 1 individual box).","","true","false","25 Assorted Gift Pack","","500","giftbox","1000","","","","","25 assorted gift pack brand-fa700591-52d8-4ef0-9e22-1b4000b6baa9 cat-e3b0f5ac-c147-4210-b3e1-dd3b35738826","177",""
"prod-413ed571-b60c-4bed-9b10-68c4f6bc0d4f","[{""S"":""audience:friends""},{""S"":""audience:family""},{""S"":""audience:party""},{""S"":""time:day""},{""S"":""time:night""},{""S"":""noise:high""},{""S"":""type:high-smoke""},{""S"":""type:ground""},{""S"":""type:sound""}]","brand-fa700591-52d8-4ef0-9e22-1b4000b6baa9","","cat-12bb3f07-0803-4300-9d5a-bb165bf68410","2026-07-25T12:39:09.831Z","""A giant celebration garland packed with 400 dense explosive shells (1K class). Creates a heavy, roaring sound storm on the ground that lasts for several minutes.\n\nPack Contains: 1 Box × 1 Pce (Total 1 Piece of 1K Blast (1*400 Shells) distributed across 1 individual box).""","","true","false","1K Blast (1*400 Shells)","[{""S"":""5k-family""},{""S"":""5k-fancy""},{""S"":""10k-family""},{""S"":""best-selling""},{""S"":""party""}]","272","wala","1000","","","","","1k blast (1*400 shells) brand-fa700591-52d8-4ef0-9e22-1b4000b6baa9 cat-12bb3f07-0803-4300-9d5a-bb165bf68410 audience:friends audience:family audience:party time:day time:night noise:high type:high-smoke type:ground type:sound","82",""
"prod-e3fbde10-07b3-473b-b1e0-8a7a345b36c6","[{""S"":""audience:friends""},{""S"":""audience:family""},{""S"":""audience:kids""},{""S"":""audience:party""},{""S"":""time:night\r\nnoise:low""},{""S"":""type:colour""},{""S"":""type:ground""}]","brand-50958a6d-ce8f-494e-9106-d7e00a2fd2e7","","cat-27170166-7aab-4970-9e43-51cfd92d9c85","2026-07-25T12:39:09.831Z","""An extra-large deluxe color pot. Sits on the ground at night and projects a wide, massive umbrella-like fountain of colorful starry sparks and golden streams.\n\nPack Contains: 1 Box × 10 Pcs (Total 10 Pieces of Color Koti Gold/Deluxe distributed across 1 individual box).""","","true","false","Color Koti Gold/Deluxe","[{""S"":""10k-family""},{""S"":""10k-fancy""},{""S"":""10k-thala-diwali-pack""},{""S"":""best-selling""},{""S"":""new-arrivals""},{""S"":""party""}]","500","flowerpot","1000","","","","","color koti gold/deluxe brand-50958a6d-ce8f-494e-9106-d7e00a2fd2e7 cat-27170166-7aab-4970-9e43-51cfd92d9c85 audience:friends audience:family audience:kids audience:party time:night\nnoise:low type:colour type:ground","37",""
"prod-f2d9fcca-edb6-408b-a8d5-6eab2b4f3220","[{""S"":""audience:friends""},{""S"":""audience:family""},{""S"":""audience:party""},{""S"":""time:night""},{""S"":""noise:high""},{""S"":""type:colour""},{""S"":""type:sound""},{""S"":""type:sky""}]","brand-502f2162-c9fb-4b02-8a94-f5e08777f22c","","cat-49a58658-dac3-49fa-b1c2-09577f1a8bd3","2026-07-25T12:39:09.831Z","""A dual pack of 4.5-inch mammoth aerial tubes. Reaches very high levels at night, exploding into a broad canvas of pink, red, green, and silver crackling palm willows.\n\nPack Contains: 1 Box × 2 Pcs (Total 2 Pieces of 4.5"""" COMET Shell (MultiFlavour Colors) distributed across 1 individual box).""","","true","false","""4.5"""" COMET Shell (MultiFlavour Colors)""","[{""S"":""best-selling""},{""S"":""new-arrivals""},{""S"":""party""}]","1500","singleaerial","1000","","","","","""4.5"""" comet shell (multiflavour colors) brand-502f2162-c9fb-4b02-8a94-f5e08777f22c cat-49a58658-dac3-49fa-b1c2-09577f1a8bd3 audience:friends audience:family audience:party time:night noise:high type:colour type:sound type:sky""","126",""
"prod-2ea8e33f-e3d8-4eba-a986-0b62be922dae","[{""S"":""audience:friends""},{""S"":""audience:family""},{""S"":""audience:party""},{""S"":""time:night""},{""S"":""noise:high""},{""S"":""type:colour""},{""S"":""type:sound""},{""S"":""type:sky""}]","brand-502f2162-c9fb-4b02-8a94-f5e08777f22c","","cat-9429d284-d038-4b28-b5af-b64caa932f10","2026-07-25T12:39:09.831Z","""A specialized double-ball aerial pipe. Launches a dual-payload shell into the night sky that produces a beautiful, simultaneous overlapping twin-sphere color break.\n\nPack Contains: 1 Box × 1 Pce (Total 1 Piece of 3.5"""" COMET Double Ball distributed across 1 individual box).""","","true","false","""3.5"""" COMET Double Ball""","[{""S"":""10k-fancy""},{""S"":""10k-thala-diwali-pack""},{""S"":""best-selling""},{""S"":""new-arrivals""},{""S"":""party""}]","764","multiaerial","1000","","","","","""3.5"""" comet double ball brand-502f2162-c9fb-4b02-8a94-f5e08777f22c cat-9429d284-d038-4b28-b5af-b64caa932f10 audience:friends audience:family audience:party time:night noise:high type:colour type:sound type:sky""","131",""
"prod-796ad227-4b25-4f43-945e-caa4f42962f8","[{""S"":""audience:friends""},{""S"":""audience:family""},{""S"":""audience:kids""},{""S"":""audience:party""},{""S"":""time:night""},{""S"":""noise:high""},{""S"":""type:colour""},{""S"":""type:sky""}]","brand-d330893f-0183-4d4e-a61a-e57eb58868fc","","cat-eb4f1e7a-b3cd-424d-9118-ae8b0e5f9c78","2026-07-25T12:39:09.831Z","""Experience a variety of effects in one pack: Crackling Red, Green, White, and Gold stars, along with specialized fountains and 2 exciting sky shots.\n\nPack Contains: 1 Box × 1 Pce (Total 1 Piece of USA ~ 7in1 Crackling Fountain distributed across 1 individual box).""","","true","false","USA ~ 7in1 Crackling Fountain","[{""S"":""best-selling""},{""S"":""new-arrivals""},{""S"":""party""}]","1272","fountainwithshot","1000","","","","","usa ~ 7in1 crackling fountain brand-d330893f-0183-4d4e-a61a-e57eb58868fc cat-eb4f1e7a-b3cd-424d-9118-ae8b0e5f9c78 audience:friends audience:family audience:kids audience:party time:night noise:high type:colour type:sky","164",""
"prod-62694b71-0559-469e-bf4e-b5d26d23b0c1","[{""S"":""audience:friends""},{""S"":""audience:family""},{""S"":""audience:kids""},{""S"":""audience:party""},{""S"":""time:night""},{""S"":""noise:high""},{""S"":""type:colour""},{""S"":""type:sky""}]","brand-d330893f-0183-4d4e-a61a-e57eb58868fc","","cat-eb4f1e7a-b3cd-424d-9118-ae8b0e5f9c78","2026-07-25T12:39:09.831Z","A complex compound hybrid block. First releases a beautiful ground-hugging fountain of rain sparks before launching 1 individual colorful sky shots.\n\nPack Contains: 1 Box × 1 Pce (Total 1 Piece of Rainy Shiny (Fountain With Sky Shots) distributed across 1 individual box).","","true","false","Rainy Shiny (Fountain With Sky Shots)","[{""S"":""10k-family""},{""S"":""10k-fancy""},{""S"":""10k-thala-diwali-pack""},{""S"":""best-selling""},{""S"":""new-arrivals""},{""S"":""party""}]","336","fountainwithshot","1000","","","","","rainy shiny (fountain with sky shots) brand-d330893f-0183-4d4e-a61a-e57eb58868fc cat-eb4f1e7a-b3cd-424d-9118-ae8b0e5f9c78 audience:friends audience:family audience:kids audience:party time:night noise:high type:colour type:sky","162",""
"prod-1dd13799-4354-4fda-b4ec-99576cf86ebb","[{""S"":""audience:friends""},{""S"":""audience:family""},{""S"":""audience:kids""},{""S"":""audience:party""},{""S"":""time:night""},{""S"":""noise:low\r\ntype:colour""},{""S"":""type:handheld""}]","brand-82fc039f-5548-4c80-a2cf-0dc50e0c4e1e","","cat-91eac5b9-27b8-4bd2-be81-e4ef8702fc63","2026-07-25T12:39:09.831Z","""A giant-tier 50 cm mega crackling sparkler. Keeps crackling and snapping playfully for an extended duration, putting on a brilliant gold display at night.\n\nPack Contains: 1 Box × 5 Pcs (Total 5 Pieces of 50 Cm Glittering Sparklers distributed across 1 individual box).""","","true","false","50 Cm Glittering Sparklers","[{""S"":""best-selling""},{""S"":""new-arrivals""},{""S"":""party""}]","300","sparkler","1000","","","","","50 cm glittering sparklers brand-82fc039f-5548-4c80-a2cf-0dc50e0c4e1e cat-91eac5b9-27b8-4bd2-be81-e4ef8702fc63 audience:friends audience:family audience:kids audience:party time:night noise:low\ntype:colour type:handheld","105",""
"prod-140eeef9-51d7-4d74-b94f-35bf44ac634f","[{""S"":""audience:family""},{""S"":""audience:friends""},{""S"":""audience:party""},{""S"":""time:day""},{""S"":""noise:high""},{""S"":""type:ground""},{""S"":""type:sound""}]","brand-fa700591-52d8-4ef0-9e22-1b4000b6baa9","","cat-91d15624-a97c-44aa-9688-89dc88a78f43","2026-07-25T12:39:09.831Z","""A heavyweight traditional paper bomb packed with tightly wound paper. Explodes on open ground during the day, giving a deep, echoing single shell blast.\n\nPack Contains: 1 Box × 1 Pce (Total 1 Piece of Adiyal ~ 1/4 KG distributed across 1 individual box).""","","true","false","Adiyal ~ 1/4 KG","[{""S"":""5k-family""},{""S"":""best-selling""},{""S"":""party""}]","69","paperbomb","1000","","","","","adiyal ~ 1/4 kg brand-fa700591-52d8-4ef0-9e22-1b4000b6baa9 cat-91d15624-a97c-44aa-9688-89dc88a78f43 audience:family audience:friends audience:party time:day noise:high type:ground type:sound","53",""
"prod-521efb6e-553d-4f15-9485-d9194b7f5744","[{""S"":""audience:friends""},{""S"":""audience:family""},{""S"":""audience:party""},{""S"":""time:night""},{""S"":""noise:high""},{""S"":""type:colour""},{""S"":""type:sound""},{""S"":""type:sky""}]","brand-4634bbd4-01b9-4710-bce6-24ba94ef3a06","","cat-c34b6eb2-4530-4031-bee0-5e55825010e7","2026-07-25T12:39:09.831Z","""A massive 240-shot commercial-grade aerial cake box. Floods the night sky with an overwhelming, rapid-firing grid of multi-color comets, crackling willows, and loud star bursts.\n\nPack Contains: 1 Box × 1 Pce (Total 1 Piece of 240 Shots Mulitcolor Sky Shots distributed across 1 individual box).""","","true","false","240 Shots Mulitcolor Sky Shots","[{""S"":""best-selling""},{""S"":""new-arrivals""},{""S"":""party""}]","5819","multishot","1000","","","","","240 shots mulitcolor sky shots brand-4634bbd4-01b9-4710-bce6-24ba94ef3a06 cat-c34b6eb2-4530-4031-bee0-5e55825010e7 audience:friends audience:family audience:party time:night noise:high type:colour type:sound type:sky","116",""
"prod-eb588abd-7819-453a-a9d4-3bcd2accee9e","[{""S"":""audience:friends""},{""S"":""audience:family""},{""S"":""audience:kids""},{""S"":""audience:party""},{""S"":""time:night""},{""S"":""noise:low""},{""S"":""type:colour""},{""S"":""type:handheld""}]","brand-d330893f-0183-4d4e-a61a-e57eb58868fc","","cat-0ce1f84f-e513-4fe1-af4c-52751c26f45d","2026-07-25T12:39:09.831Z","A premium cone-shaped handheld fountain that produces a magical Water Queen effect. Specially designed for a safe and controlled handheld display.\n\nPack Contains: 1 Box × 2 Pcs (Total 2 Pieces of Cone Ice ~ Water Queen Fountain distributed across 1 individual box).","","true","false","Cone Ice ~ Water Queen Fountain","[{""S"":""best-selling""},{""S"":""new-arrivals""}]","550","novelty","1000","","","","","cone ice ~ water queen fountain brand-d330893f-0183-4d4e-a61a-e57eb58868fc cat-0ce1f84f-e513-4fe1-af4c-52751c26f45d audience:friends audience:family audience:kids audience:party time:night noise:low type:colour type:handheld","64",""
"prod-453f88eb-9b9e-4c21-8e78-7f38a5fe974b","[{""S"":""audience:friends""},{""S"":""audience:party""},{""S"":""audience:family""},{""S"":""time:night""},{""S"":""noise:high""},{""S"":""type:colour""},{""S"":""type:sound""},{""S"":""type:sky""}]","brand-4634bbd4-01b9-4710-bce6-24ba94ef3a06","","cat-c34b6eb2-4530-4031-bee0-5e55825010e7","2026-07-25T12:39:09.831Z","A grand 30-shot multi-color repeater. Orchestrates a beautiful nighttime sky matrix of 5 shifting patterns including red and green cross-overs and silver fire willows.\n\nPack Contains: 1 Box × 1 Pce (Total 1 Piece of 30 Shots Mulitcolor Sky Shots distributed across 1 individual box).","","true","false","30 Shots Mulitcolor Sky Shots","[{""S"":""party""}]","728","multishot","1000","","","","","30 shots mulitcolor sky shots brand-4634bbd4-01b9-4710-bce6-24ba94ef3a06 cat-c34b6eb2-4530-4031-bee0-5e55825010e7 audience:friends audience:party audience:family time:night noise:high type:colour type:sound type:sky","113",""
"prod-8e710b41-d35b-43f3-a88b-f9ba7eb19f37","[{""S"":""audience:friends""},{""S"":""audience:family""},{""S"":""audience:kids""},{""S"":""audience:party""},{""S"":""time:night\r\nnoise:low""},{""S"":""type:colour""},{""S"":""type:ground""}]","brand-50958a6d-ce8f-494e-9106-d7e00a2fd2e7","","cat-27170166-7aab-4970-9e43-51cfd92d9c85","2026-07-25T12:39:09.831Z","""A medium-large deluxe cone fountain. Positioned on the ground at night, it shoots out a long-lasting, towering shower of beautiful silver sparks.\n\nPack Contains: 1 Box × 5 Pcs (Total 5 Pieces of Flower Pots Deluxe distributed across 1 individual box).""","","true","false","Flower Pots Deluxe","[{""S"":""5k-family""},{""S"":""5k-fancy""},{""S"":""10k-family""},{""S"":""best-selling""}]","254","flowerpot","1000","","","","","flower pots deluxe brand-50958a6d-ce8f-494e-9106-d7e00a2fd2e7 cat-27170166-7aab-4970-9e43-51cfd92d9c85 audience:friends audience:family audience:kids audience:party time:night\nnoise:low type:colour type:ground","31",""
"prod-904b85f1-1d74-4e49-aeb7-7dc742d9dbb4","[{""S"":""audience:family""},{""S"":""time:night""},{""S"":""noise:low\r\ntype:colour""},{""S"":""type:handheld\r\ntype:high-smoke""}]","brand-82fc039f-5548-4c80-a2cf-0dc50e0c4e1e","","cat-91eac5b9-27b8-4bd2-be81-e4ef8702fc63","2026-07-25T12:39:09.831Z","""A premium 12 cm red colored sparkler. Emits an intense, deep crimson-red flame shield accompanied by a steady stream of beautiful handheld sparks.\n\nPack Contains: 5 Box(s) × 10 Pcs (Total 50 Pieces of 12 Cm Red Sparklers distributed across 5 individual boxes).""","","true","false","12 Cm Red Sparklers","[{""S"":""10k-fancy""}]","264","sparkler","1000","","","","","12 cm red sparklers brand-82fc039f-5548-4c80-a2cf-0dc50e0c4e1e cat-91eac5b9-27b8-4bd2-be81-e4ef8702fc63 audience:family time:night noise:low\ntype:colour type:handheld\ntype:high-smoke","94",""
"prod-14aeec7e-2e94-4258-90bd-69f4fd4b87a2","[{""S"":""audience:friends""},{""S"":""audience:family""},{""S"":""audience:party""},{""S"":""time:night""},{""S"":""noise:high""},{""S"":""type:colour""},{""S"":""type:sound""},{""S"":""type:sky""}]","brand-4634bbd4-01b9-4710-bce6-24ba94ef3a06","","cat-49a58658-dac3-49fa-b1c2-09577f1a8bd3","2026-07-25T12:39:09.831Z","""An extraordinary premium aerial comet shell that launches high into the night sky, unleashing a breathtaking Multi-Flavour signature display. Features a majestic, vibrant burst sequence with alternating intense layers of Emerald Green, Fiery Crimson Red, Red & Green cross-overs, Shimmering Silver trails, and Golden Yellow crackling stars. Specially engineered for a grand, multi-colored theatrical sky show.\n\nPack Contains: 1 Box × 1 Pce (Total 1 Piece of 3.5"""" COMET Shell (MultiFlavour Colors) distributed across 1 individual box).""","","true","false","""3.5"""" COMET Shell (MultiFlavour Colors)""","[{""S"":""10k-family""},{""S"":""10k-fancy""},{""S"":""10k-thala-diwali-pack""},{""S"":""best-selling""},{""S"":""party""}]","454","singleaerial","1000","","","","","""3.5"""" comet shell (multiflavour colors) brand-4634bbd4-01b9-4710-bce6-24ba94ef3a06 cat-49a58658-dac3-49fa-b1c2-09577f1a8bd3 audience:friends audience:family audience:party time:night noise:high type:colour type:sound type:sky""","124",""
"prod-cf851a22-11b4-4b68-97f6-de948a5a741a","[{""S"":""audience:friends""},{""S"":""audience:family""},{""S"":""audience:party""},{""S"":""time:day""},{""S"":""time:night""},{""S"":""noise:high""},{""S"":""type:high-smoke""},{""S"":""type:ground""},{""S"":""type:sound""}]","brand-fa700591-52d8-4ef0-9e22-1b4000b6baa9","","cat-12bb3f07-0803-4300-9d5a-bb165bf68410","2026-07-25T12:39:09.831Z","""A super-scale multi-layered garland utilizing 2000 tightly grouped cracker shells. Dominates large open grounds with a thunderous, long-endurance multi-sound celebration wall.\n\nPack Contains: 1 Box × 1 Pce (Total 1 Piece of 5K Blast (5*400 Shells) distributed across 1 individual box).""","","true","false","5K Blast (5*400 Shells)","[{""S"":""10k-family""},{""S"":""best-selling""},{""S"":""new-arrivals""},{""S"":""party""}]","1364","wala","1000","","","","","5k blast (5*400 shells) brand-fa700591-52d8-4ef0-9e22-1b4000b6baa9 cat-12bb3f07-0803-4300-9d5a-bb165bf68410 audience:friends audience:family audience:party time:day time:night noise:high type:high-smoke type:ground type:sound","84",""
"prod-06506bea-e5a8-49ba-a76e-8bb2c3c69c28","","brand-fa700591-52d8-4ef0-9e22-1b4000b6baa9","","cat-e3b0f5ac-c147-4210-b3e1-dd3b35738826","2026-07-25T12:39:09.831Z","Festive collection contains 40 items of assorted family firecrackers.\n\nPack Contains: 1 Box × 40 Items (Total 40 Items of 40 Assorted Gift Pack distributed across 1 individual box).","","true","false","40 Assorted Gift Pack","[{""S"":""best-selling""},{""S"":""new-arrivals""}]","800","giftbox","1000","","","","","40 assorted gift pack brand-fa700591-52d8-4ef0-9e22-1b4000b6baa9 cat-e3b0f5ac-c147-4210-b3e1-dd3b35738826","179",""
"prod-49428c4a-0b3b-4f35-9e6f-5d024aa7fb50","[{""S"":""audience:friends""},{""S"":""audience:family""},{""S"":""time:day""},{""S"":""noise:high""},{""S"":""type:sound""},{""S"":""type:sky""}]","brand-f9c3a538-1f88-4749-8ed0-9b982dc03d2f","","cat-1a49928d-0ab7-4fbc-8fe8-758b63153d19","2026-07-25T12:39:09.831Z","""A special 4-inch ground cracker with a dual-chamber design. Light it on the ground during the day to hear two loud, separate blasts one after the other.\n\nPack Contains: 10 Pkts × 5 Pcs (Total 50 Pieces of 2 Sound Crackers distributed across 10 individual packets).""","","true","false","2 Sound Crackers","[{""S"":""10k-family""},{""S"":""best-selling""}]","581","multisound","1000","","","","","2 sound crackers brand-f9c3a538-1f88-4749-8ed0-9b982dc03d2f cat-1a49928d-0ab7-4fbc-8fe8-758b63153d19 audience:friends audience:family time:day noise:high type:sound type:sky","9",""
"prod-96689b87-8d0b-43e4-8d5e-4449702ecd64","[{""S"":""audience:friends""},{""S"":""audience:family""},{""S"":""audience:party""},{""S"":""time:night""},{""S"":""noise:high""},{""S"":""type:colour""},{""S"":""type:sound""},{""S"":""type:sky""}]","brand-502f2162-c9fb-4b02-8a94-f5e08777f22c","","cat-49a58658-dac3-49fa-b1c2-09577f1a8bd3","2026-07-25T12:39:09.831Z","""An extraordinary premium aerial comet shell that launches high into the night sky, unleashing a breathtaking Multi-Flavour signature display. Features a majestic, vibrant burst sequence with alternating intense layers of Emerald Green, Fiery Crimson Red, Red & Green cross-overs, Shimmering Silver trails, and Golden Yellow crackling stars. Specially engineered for a grand, multi-colored theatrical sky show.\n\nPack Contains: 1 Box × 1 Pce (Total 1 Piece of 5"""" COMET Shell (MultiFlavour Colors) distributed across 1 individual box).""","","true","false","""5"""" COMET Shell (MultiFlavour Colors)""","[{""S"":""best-selling""},{""S"":""new-arrivals""},{""S"":""party""}]","1182","singleaerial","1000","","","","","""5"""" comet shell (multiflavour colors) brand-502f2162-c9fb-4b02-8a94-f5e08777f22c cat-49a58658-dac3-49fa-b1c2-09577f1a8bd3 audience:friends audience:family audience:party time:night noise:high type:colour type:sound type:sky""","127",""
"prod-fa0a5dcc-1c75-4e90-9687-078468b00217","[{""S"":""audience:family""},{""S"":""audience:kids""},{""S"":""time:night""},{""S"":""noise:low""},{""S"":""type:colour""},{""S"":""type:ground""}]","brand-d330893f-0183-4d4e-a61a-e57eb58868fc","","cat-c793fc09-3dd2-439f-8024-46d03fb2570f","2026-07-25T12:39:09.831Z","""Small 1-inch ground novelty tubes. When ignited on flat floors during day or night, they emit a safe, low-intensity cracking and popping sound with golden micro-sparks.\n\nPack Contains: 1 Box × 10 Pcs (Total 10 Pieces of Kit Kat Small distributed across 1 individual box).""","","true","false","Kit Kat Small","[{""S"":""5k-fancy""}]","54","kidspecial","1000","","","","","kit kat small brand-d330893f-0183-4d4e-a61a-e57eb58868fc cat-c793fc09-3dd2-439f-8024-46d03fb2570f audience:family audience:kids time:night noise:low type:colour type:ground","137",""
"prod-81dcc091-cd11-49d7-98e2-9a4147ae6266","[{""S"":""audience:family""},{""S"":""audience:kids""},{""S"":""audience:friends""},{""S"":""time:day""},{""S"":""time:night""},{""S"":""noise:low""},{""S"":""type:colour""},{""S"":""type:handheld""}]","brand-2fbbaac1-c8a3-41a6-8e1b-0c63d30dfadc","","cat-1300aba7-85e1-4d05-8d04-d7c57c722ef7","2026-07-25T12:39:09.831Z","Premium multi-effect long safety matchsticks. Each stick burns sequentially with 5 completely distinct color flames and small sparks.\n\nPack Contains: 5 Boxes × 10 Match Sticks (Total 50 Match Sticks).","","true","false","Rayal Super ~ 5in1","[{""S"":""3k-kids""},{""S"":""3k-family""},{""S"":""5k-family""},{""S"":""5k-fancy""},{""S"":""best-selling""}]","90","smallmatch","1000","","","","","rayal super ~ 5in1 brand-2fbbaac1-c8a3-41a6-8e1b-0c63d30dfadc cat-1300aba7-85e1-4d05-8d04-d7c57c722ef7 audience:family audience:kids audience:friends time:day time:night noise:low type:colour type:handheld","172",""
"prod-b373dc36-78d6-4650-a6e0-58e59a19f002","[{""S"":""audience:friends""},{""S"":""audience:family""},{""S"":""audience:kids""},{""S"":""time:day""},{""S"":""time:night""},{""S"":""noise:low""},{""S"":""type:ground""},{""S"":""type:sound""}]","brand-b58ae044-dcf6-418f-a08d-9a0df11f3f50","","cat-12bb3f07-0803-4300-9d5a-bb165bf68410","2026-07-25T12:39:09.831Z","""A triple value pack of eco-friendly 100-shell digital chains. Engineered for sharp, punchy ground acoustics during day or night events with an amplified snap rate.\n\nPack Contains: 1 Box × 3 Pcs (Total 3 Pieces of 90 Watts ~ 100 Digital Lar distributed across 1 individual box).""","","true","false","90 Watts ~ 100 Digital Lar","[{""S"":""new-arrivals""}]","336","digitallar","1000","","","","","90 watts ~ 100 digital lar brand-b58ae044-dcf6-418f-a08d-9a0df11f3f50 cat-12bb3f07-0803-4300-9d5a-bb165bf68410 audience:friends audience:family audience:kids time:day time:night noise:low type:ground type:sound","80",""
"prod-4e5c8e65-7d4b-46eb-a383-e0ac3aa621ac","[{""S"":""audience:friends""},{""S"":""audience:family""},{""S"":""audience:kids""},{""S"":""time:night""},{""S"":""noise:low""},{""S"":""type:colour""},{""S"":""type:handheld""}]","brand-93511537-a2f5-4050-90de-965873cca8fb","","cat-0ce1f84f-e513-4fe1-af4c-52751c26f45d","2026-07-25T12:39:09.831Z","""A thick, decorative pyrotechnic candle. Can be stood on the ground or held safely at night, shooting up rhythmic balls of colored sparks and bright fountain effects.\n\nPack Contains: 1 Box × 3 Pcs (Total 3 Pieces of Jelly Belly Candle distributed across 1 individual box).""","","true","false","Jelly Belly Candle","[{""S"":""3k-kids""},{""S"":""3k-family""},{""S"":""5k-family""},{""S"":""5k-fancy""},{""S"":""10k-fancy""},{""S"":""10k-thala-diwali-pack""}]","237","novelty","1000","","","","","jelly belly candle brand-93511537-a2f5-4050-90de-965873cca8fb cat-0ce1f84f-e513-4fe1-af4c-52751c26f45d audience:friends audience:family audience:kids time:night noise:low type:colour type:handheld","63",""
"prod-f5562638-7921-4de6-a408-f6398507bb2b","[{""S"":""audience:friends""},{""S"":""audience:family""},{""S"":""audience:kids""},{""S"":""time:day""},{""S"":""noise:low""},{""S"":""type:ground""},{""S"":""type:sound""},{""S"":""type:sky""},{""S"":""type:handheld""}]","brand-fa700591-52d8-4ef0-9e22-1b4000b6baa9","","cat-67ccb59e-3aa2-484d-98d9-8915a40dfa5f","2026-07-25T12:39:09.831Z","""Traditional Olai Vedi style, triangle-shaped crackers wrapped in palm like small box. It bursts on the ground during the day with a nostalgic loud sound and a shower of colorful paper shreds.\n\nPack Contains: 1 Box × 25 Pcs (Total 25 Pieces of Old is Gold distributed across 1 individual box).""","","true","false","Old is Gold","[{""S"":""3k-family""},{""S"":""5k-family""},{""S"":""new-arrivals""},{""S"":""best-selling""}]","273","singlesound","1000","","","","","old is gold brand-fa700591-52d8-4ef0-9e22-1b4000b6baa9 cat-67ccb59e-3aa2-484d-98d9-8915a40dfa5f audience:friends audience:family audience:kids time:day noise:low type:ground type:sound type:sky type:handheld","13",""
"prod-19a963d4-fe0e-4c90-87c8-922490266c48","[{""S"":""audience:friends""},{""S"":""audience:family""},{""S"":""audience:party""},{""S"":""time:night""},{""S"":""noise:high""},{""S"":""type:colour""},{""S"":""type:sound""},{""S"":""type:sky""}]","brand-fa700591-52d8-4ef0-9e22-1b4000b6baa9","","cat-49a58658-dac3-49fa-b1c2-09577f1a8bd3","2026-07-25T12:39:09.831Z","""A 3-piece pack of heavy aerial comet tubes. Delivers significantly higher altitude launches and wider spherical star breaks in assorted colorful flavors at night.\n\nPack Contains: 1 Box × 3 Pcs (Total 3 Pieces of 1.75"""" COMET Shell (MultiFlavour Colors) distributed across 1 individual box).""","","true","false","""1.75"""" COMET Shell (MultiFlavour Colors)""","[{""S"":""5k-family""},{""S"":""10k-family""},{""S"":""10k-fancy""},{""S"":""best-selling""},{""S"":""party""}]","436","singleaerial","1000","","","","","""1.75"""" comet shell (multiflavour colors) brand-fa700591-52d8-4ef0-9e22-1b4000b6baa9 cat-49a58658-dac3-49fa-b1c2-09577f1a8bd3 audience:friends audience:family audience:party time:night noise:high type:colour type:sound type:sky""","121",""
"prod-726b33fa-4133-4d5c-99ae-a19618e48e1c","[{""S"":""audience:family""},{""S"":""audience:friends""},{""S"":""audience:party""},{""S"":""time:day""},{""S"":""noise:high""},{""S"":""type:ground""},{""S"":""type:sound""}]","brand-fa700591-52d8-4ef0-9e22-1b4000b6baa9","","cat-1f04252a-872e-4ff0-b209-824032c3c3a7","2026-07-25T12:39:09.831Z","""Extra-large, heavily reinforced green/pink bomb. The absolute pinnacle of ground-based daytime bombs, creating a deafening, shockwave-inducing single flash blast.\n\nPack Contains: 1 Box × 10 Pcs (Total 10 Pieces of Mega Bomb (9 Ply) distributed across 1 individual box).""","","true","false","Mega Bomb (9 Ply)","[{""S"":""10k-family""},{""S"":""10k-thala-diwali-pack""},{""S"":""new-arrivals""},{""S"":""best-selling""},{""S"":""party""}]","364","bomb","1000","","","","","mega bomb (9 ply) brand-fa700591-52d8-4ef0-9e22-1b4000b6baa9 cat-1f04252a-872e-4ff0-b209-824032c3c3a7 audience:family audience:friends audience:party time:day noise:high type:ground type:sound","52",""
"prod-01e8f8d0-10b3-4ebd-b0db-518f1d715373","","brand-fa700591-52d8-4ef0-9e22-1b4000b6baa9","","cat-e3b0f5ac-c147-4210-b3e1-dd3b35738826","2026-07-25T12:39:09.831Z","Festive collection contains 60 items of assorted family firecrackers.\n\nPack Contains: 1 Box × 60 Items (Total 60 Items of 60 Assorted Gift Pack distributed across 1 individual box).","","true","false","60 Assorted Gift Pack","[{""S"":""best-selling""},{""S"":""new-arrivals""}]","1200","giftbox","1000","","","","","60 assorted gift pack brand-fa700591-52d8-4ef0-9e22-1b4000b6baa9 cat-e3b0f5ac-c147-4210-b3e1-dd3b35738826","181",""
"prod-b8c07a79-3525-4e16-b071-ce895f1394c3","[{""S"":""audience:friends""},{""S"":""audience:family""},{""S"":""audience:kids""},{""S"":""time:night""},{""S"":""noise:low""},{""S"":""type:colour""},{""S"":""type:ground""}]","brand-b58ae044-dcf6-418f-a08d-9a0df11f3f50","","cat-c793fc09-3dd2-439f-8024-46d03fb2570f","2026-07-25T12:39:09.831Z","""A character special novelty stick torch. Safe for kids to hold at night, emitting a thick white flash that triggers high frequency continuous crackles.\n\nPack Contains: 1 Box × 5 Pcs (Total 5 Pieces of Shin Chan ~ Crackling Effect distributed across 1 individual box).""","","true","false","Shin Chan ~ Crackling Effect","[{""S"":""5k-fancy""},{""S"":""10k-family""},{""S"":""10k-fancy""},{""S"":""new-arrivals""},{""S"":""best-selling""}]","273","kidspecial","1000","","","","","shin chan ~ crackling effect brand-b58ae044-dcf6-418f-a08d-9a0df11f3f50 cat-c793fc09-3dd2-439f-8024-46d03fb2570f audience:friends audience:family audience:kids time:night noise:low type:colour type:ground","145",""
"prod-b2a83a8e-2a09-4ae8-adca-91eb0a752152","[{""S"":""audience:friends""},{""S"":""audience:family""},{""S"":""audience:party""},{""S"":""time:day""},{""S"":""time:night""},{""S"":""noise:high""},{""S"":""type:high-smoke""},{""S"":""type:ground""},{""S"":""type:sound""}]","brand-fa700591-52d8-4ef0-9e22-1b4000b6baa9","","cat-12bb3f07-0803-4300-9d5a-bb165bf68410","2026-07-25T12:39:09.831Z","A flagship mega garland packing an incredible 4000 explosive units. Delivers the ultimate high-volume ground parade of continuous crackling sound lasting for extensive periods.\n\nPack Contains: 1 Box × 1 Pce (Total 1 Piece of 10K Blast (10*400 Shells) distributed across 1 individual box).","","true","false","10K Blast (10*400 Shells)","[{""S"":""best-selling""},{""S"":""new-arrivals""},{""S"":""party""}]","2727","wala","1000","","","","","10k blast (10*400 shells) brand-fa700591-52d8-4ef0-9e22-1b4000b6baa9 cat-12bb3f07-0803-4300-9d5a-bb165bf68410 audience:friends audience:family audience:party time:day time:night noise:high type:high-smoke type:ground type:sound","85",""
"prod-00603c4b-4255-4024-86eb-4accb6508364","[{""S"":""audience:family""},{""S"":""audience:kids""},{""S"":""time:night""},{""S"":""noise:low\r\ntype:colour""},{""S"":""type:handheld""}]","brand-82fc039f-5548-4c80-a2cf-0dc50e0c4e1e","","cat-91eac5b9-27b8-4bd2-be81-e4ef8702fc63","2026-07-25T12:39:09.831Z","""A classic 12 cm handheld sparkler. Completely eco-friendly and safe for family use, it burns smoothly to emit bright, heat-free silver electric star sparks.\n\nPack Contains: 5 Box(s) × 10 Pcs (Total 50 Pieces of 12 Cm Electric Sparklers distributed across 5 individual boxes).""","","true","false","12 Cm Electric Sparklers","[{""S"":""5k-family""},{""S"":""5k-fancy""},{""S"":""10k-family""}]","190","sparkler","1000","","","","","12 cm electric sparklers brand-82fc039f-5548-4c80-a2cf-0dc50e0c4e1e cat-91eac5b9-27b8-4bd2-be81-e4ef8702fc63 audience:family audience:kids time:night noise:low\ntype:colour type:handheld","91",""
"prod-c748ef50-15e6-47c4-8e35-315bf7969b30","[{""S"":""audience:friends""},{""S"":""audience:family""},{""S"":""audience:kids""},{""S"":""audience:party""},{""S"":""time:night""},{""S"":""noise:low""},{""S"":""type:colour""},{""S"":""type:ground""}]","brand-d330893f-0183-4d4e-a61a-e57eb58868fc","","cat-eb4f1e7a-b3cd-424d-9118-ae8b0e5f9c78","2026-07-25T12:39:09.831Z","""A classic 3 color fountain that beautifully, offering a vivid and synchronized display of bright colors.\n\nPack Contains: 1 Box × 1 Pce (Total 1 Piece of Wonder 3in1 Color Fountain distributed across 1 individual box).""","","true","false","Wonder 3in1 Color Fountain","[{""S"":""best-selling""}]","364","cracklingfountain","1000","","","","","wonder 3in1 color fountain brand-d330893f-0183-4d4e-a61a-e57eb58868fc cat-eb4f1e7a-b3cd-424d-9118-ae8b0e5f9c78 audience:friends audience:family audience:kids audience:party time:night noise:low type:colour type:ground","161",""
"prod-536db425-a457-4241-ab3f-6dd13c655e99","[{""S"":""audience:friends""},{""S"":""audience:family""},{""S"":""audience:kids""},{""S"":""audience:party""},{""S"":""time:night\r\nnoise:low""},{""S"":""type:colour""},{""S"":""type:ground""}]","brand-f9c3a538-1f88-4749-8ed0-9b982dc03d2f","","cat-137d7460-2748-4b4d-8a24-26f78fcba6f8","2026-07-25T12:39:09.831Z","""A unique spinner equipped with a long center wire handle. It emits safe, wide circular golden crackles. Can be spun safely on the ground or held carefully.\n\nPack Contains: 1 Box × 10 Pcs (Total 10 Pieces of Vishnu Chakkar distributed across 1 individual box).""","","true","false","Vishnu Chakkar","[{""S"":""10k-family""},{""S"":""10k-fancy""},{""S"":""new-arrivals""},{""S"":""best-selling""},{""S"":""party""}]","237","handchakkar","1000","","","","","vishnu chakkar brand-f9c3a538-1f88-4749-8ed0-9b982dc03d2f cat-137d7460-2748-4b4d-8a24-26f78fcba6f8 audience:friends audience:family audience:kids audience:party time:night\nnoise:low type:colour type:ground","46",""
"prod-b551d567-fcd5-4e11-b00d-bec5358edc4e","[{""S"":""audience:friends""},{""S"":""audience:family""},{""S"":""audience:kids""},{""S"":""audience:party""},{""S"":""time:night""},{""S"":""noise:high""},{""S"":""type:colour""},{""S"":""type:ground""}]","brand-d330893f-0183-4d4e-a61a-e57eb58868fc","","cat-eb4f1e7a-b3cd-424d-9118-ae8b0e5f9c78","2026-07-25T12:39:09.831Z","""The absolute biggest flagship heavy crackling fountain. Emits a wide, thundering wall of ultra-bright titanium crackles for extended periods.\n\nPack Contains: 1 Box × 1 Pce (Total 1 Piece of King Crackling Fountain distributed across 1 individual box).""","","true","false","King Crackling Fountain","[{""S"":""10k-thala-diwali-pack""},{""S"":""new-arrivals""},{""S"":""best-selling""},{""S"":""party""}]","364","cracklingfountain","1000","","","","","king crackling fountain brand-d330893f-0183-4d4e-a61a-e57eb58868fc cat-eb4f1e7a-b3cd-424d-9118-ae8b0e5f9c78 audience:friends audience:family audience:kids audience:party time:night noise:high type:colour type:ground","160",""
"prod-120c59fe-3b93-46d3-965a-0f352b87fed0","[{""S"":""audience:family""},{""S"":""audience:friends""},{""S"":""time:day""},{""S"":""noise:high""},{""S"":""type:ground""},{""S"":""type:sound""}]","brand-aa6525c7-020c-40a3-9184-2554c2d8ce61","","cat-1f04252a-872e-4ff0-b209-824032c3c3a7","2026-07-25T12:39:09.831Z","""A reinforced, heavy-duty green structural bomb. Built for extreme pressure, it results in a massive single flash explosion upon ground ignition during daytime.\n\nPack Contains: 1 Box × 10 Pcs (Total 10 Pieces of King of King Bomb / JUG MUG 3000 (3 Ply) distributed across 1 individual box).""","","true","false","King of King Bomb / JUG MUG 3000 (3 Ply)","[{""S"":""5k-family""},{""S"":""10k-family""},{""S"":""best-selling""}]","172","bomb","1000","","","","","king of king bomb / jug mug 3000 (3 ply) brand-aa6525c7-020c-40a3-9184-2554c2d8ce61 cat-1f04252a-872e-4ff0-b209-824032c3c3a7 audience:family audience:friends time:day noise:high type:ground type:sound","50",""